{
	"credit": "Made with Blockbench",
	"parent": "block/block",
	"textures": {
		"6": "create:block/pulley_magnet",
		"particle": "create:block/pulley_magnet"
	},
	"elements": [
		{
			"name": "rope",
			"from": [6, 2, 6],
			"to": [10, 16, 10],
			"rotation": {"angle": 0, "axis": "y", "origin": [7.75, 0, 8]},
			"faces": {
				"north": {"uv": [12, 0, 16, 14], "texture": "#6"},
				"east": {"uv": [12, 0, 16, 14], "texture": "#6"},
				"south": {"uv": [12, 0, 16, 14], "texture": "#6"},
				"west": {"uv": [12, 0, 16, 14], "texture": "#6"},
				"up": {"uv": [12, 0, 16, 4], "rotation": 90, "texture": "#6"}
			}
		},
		{
			"name": "magnet",
			"from": [3, 0, 3],
			"to": [13, 2, 13],
			"rotation": {"angle": 0, "axis": "y", "origin": [8, 23, 8]},
			"faces": {
				"north": {"uv": [0, 10, 10, 12], "texture": "#6"},
				"east": {"uv": [0, 10, 10, 12], "texture": "#6"},
				"south": {"uv": [0, 10, 10, 12], "texture": "#6"},
				"west": {"uv": [0, 10, 10, 12], "texture": "#6"},
				"up": {"uv": [0, 0, 10, 10], "texture": "#6"},
				"down": {"uv": [0, 0, 10, 10], "texture": "#6"}
			}
		}
	]
}