{
	"credit": "Made with Blockbench",
	"parent": "block/block",
	"textures": {
		"0": "create:item/filter",
		"particle": "create:item/filter"
	},
	"elements": [
		{
			"name": "siderim",
			"from": [13, 0, 3],
			"to": [15, 2, 13],
			"faces": {
				"north": {"uv": [14, 0, 16, 2], "texture": "#0"},
				"east": {"uv": [0, 0, 2, 10], "rotation": 90, "texture": "#0"},
				"south": {"uv": [14, 0, 16, 2], "rotation": 180, "texture": "#0"},
				"west": {"uv": [14, 0, 16, 10], "rotation": 270, "texture": "#0"},
				"up": {"uv": [14, 0, 16, 10], "rotation": 180, "texture": "#0"},
				"down": {"uv": [14, 0, 16, 10], "rotation": 180, "texture": "#0"}
			}
		},
		{
			"name": "siderim",
			"from": [1, 0, 3],
			"to": [3, 2, 13],
			"faces": {
				"north": {"uv": [16, 0, 14, 2], "texture": "#0"},
				"east": {"uv": [14, 10, 16, 0], "rotation": 270, "texture": "#0"},
				"south": {"uv": [16, 0, 14, 2], "rotation": 180, "texture": "#0"},
				"west": {"uv": [0, 10, 2, 0], "rotation": 90, "texture": "#0"},
				"up": {"uv": [16, 0, 14, 10], "rotation": 180, "texture": "#0"},
				"down": {"uv": [16, 0, 14, 10], "rotation": 180, "texture": "#0"}
			}
		},
		{
			"name": "net",
			"from": [3, 1, 4],
			"to": [13, 1.1, 12],
			"faces": {
				"north": {"uv": [0, 0, 0, 0], "texture": "#0"},
				"east": {"uv": [0, 0, 0, 0], "texture": "#0"},
				"south": {"uv": [0, 0, 0, 0], "texture": "#0"},
				"west": {"uv": [0, 0, 0, 0], "texture": "#0"},
				"up": {"uv": [2.5, 0.5, 12.5, 8.5], "texture": "#0"},
				"down": {"uv": [2.5, 0.5, 12.5, 8.5], "texture": "#0"}
			}
		},
		{
			"name": "toprim",
			"from": [3, 0.5, 3],
			"to": [13, 1.5, 4],
			"faces": {
				"north": {"uv": [3, 9, 13, 10], "texture": "#0"},
				"east": {"uv": [0, 0, 0, 0], "texture": "#0"},
				"south": {"uv": [3, 9, 13, 10], "texture": "#0"},
				"west": {"uv": [0, 0, 0, 0], "texture": "#0"},
				"up": {"uv": [3, 9, 13, 10], "texture": "#0"},
				"down": {"uv": [3, 9, 13, 10], "texture": "#0"}
			}
		},
		{
			"name": "toprim",
			"from": [3, 0.5, 12],
			"to": [13, 1.5, 13],
			"faces": {
				"north": {"uv": [3, 9, 13, 10], "texture": "#0"},
				"east": {"uv": [0, 0, 0, 0], "texture": "#0"},
				"south": {"uv": [3, 9, 13, 10], "texture": "#0"},
				"west": {"uv": [0, 0, 0, 0], "texture": "#0"},
				"up": {"uv": [3, 9, 13, 10], "texture": "#0"},
				"down": {"uv": [3, 9, 13, 10], "texture": "#0"}
			}
		}
	],
	"display": {
		"thirdperson_righthand": {
			"rotation": [75, -180, 0],
			"translation": [-2.75, 3.25, 3.25],
			"scale": [0.5, 0.5, 0.5]
		},
		"thirdperson_lefthand": {
			"rotation": [75, -180, 0],
			"translation": [-2.75, 3.25, 3.25],
			"scale": [0.5, 0.5, 0.5]
		},
		"firstperson_righthand": {
			"rotation": [75, -180, 0],
			"translation": [-2.75, 3.25, 3.25],
			"scale": [0.5, 0.5, 0.5]
		},
		"firstperson_lefthand": {
			"rotation": [75, -180, 0],
			"translation": [-2.75, 3.25, 3.25],
			"scale": [0.5, 0.5, 0.5]
		},
		"ground": {
			"translation": [0, 3, 0],
			"scale": [0.5, 0.5, 0.5]
		},
		"gui": {
			"rotation": [30, 225, 0],
			"translation": [0, 4.25, 0],
			"scale": [0.75, 0.75, 0.75]
		},
		"fixed": {
			"rotation": [90, -180, 0],
			"translation": [0, 0, 6.5]
		}
	}
}