{
	"credit": "Made with Blockbench",
	"textures": {
		"3": "create:block/cuckoo_clock"
	},
	"elements": [
		{
			"name": "ClockMinuteHand",
			"from": [1.6, 6, 7.5],
			"to": [2.15, 8.5, 8.5],
			"rotation": {"angle": 0, "axis": "y", "origin": [2, 6, 8]},
			"faces": {
				"north": {"uv": [9, 8.5, 9.5, 10], "texture": "#3"},
				"east": {"uv": [9, 8.5, 9.5, 10], "texture": "#3"},
				"south": {"uv": [9, 8.5, 9.5, 10], "texture": "#3"},
				"west": {"uv": [9, 8.5, 9.5, 10], "texture": "#3"},
				"up": {"uv": [9, 8.5, 9.5, 10], "texture": "#3"},
				"down": {"uv": [9, 8.5, 9.5, 10], "texture": "#3"}
			}
		}
	]
}