{
	"credit": "Made with Blockbench",
	"parent": "block/cube",
	"textures": {
		"3": "create:block/cuckoo_clock"
	},
	"elements": [
		{
			"name": "PigLeftFront",
			"from": [-3, 11, 7.25],
			"to": [-2.5, 11.5, 7.75],
			"rotation": {"angle": 0, "axis": "z", "origin": [6.5, 18, 11.75]},
			"faces": {
				"north": {"uv": [8, 9, 8.5, 9.5], "texture": "#3"},
				"east": {"uv": [8, 9, 8.5, 9.5], "texture": "#3"},
				"south": {"uv": [8, 9, 8.5, 9.5], "texture": "#3"},
				"west": {"uv": [8, 9, 8.5, 9.5], "texture": "#3"},
				"up": {"uv": [8, 9, 8.5, 9.5], "texture": "#3"},
				"down": {"uv": [8, 9, 8.5, 9.5], "texture": "#3"}
			}
		},
		{
			"name": "PigRightFront",
			"from": [-3, 11, 8.25],
			"to": [-2.5, 11.5, 8.75],
			"rotation": {"angle": 0, "axis": "z", "origin": [6.5, 18, 11.75]},
			"faces": {
				"north": {"uv": [8, 9, 8.5, 9.5], "texture": "#3"},
				"east": {"uv": [8, 9, 8.5, 9.5], "texture": "#3"},
				"south": {"uv": [8, 9, 8.5, 9.5], "texture": "#3"},
				"west": {"uv": [8, 9, 8.5, 9.5], "texture": "#3"},
				"up": {"uv": [8, 9, 8.5, 9.5], "texture": "#3"},
				"down": {"uv": [8, 9, 8.5, 9.5], "texture": "#3"}
			}
		},
		{
			"name": "PigBody",
			"from": [-3, 11.5, 7.25],
			"to": [-1.25, 12.5, 8.75],
			"rotation": {"angle": 0, "axis": "z", "origin": [6.5, 18, 11.75]},
			"faces": {
				"north": {"uv": [8, 9.5, 8.5, 10], "texture": "#3"},
				"east": {"uv": [8, 9.5, 8.5, 10], "texture": "#3"},
				"south": {"uv": [8, 9.5, 8.5, 10], "texture": "#3"},
				"west": {"uv": [8, 9.5, 8.5, 10], "texture": "#3"},
				"up": {"uv": [8, 9.5, 8.5, 10], "texture": "#3"},
				"down": {"uv": [8, 9.5, 8.5, 10], "texture": "#3"}
			}
		},
		{
			"name": "PigHead",
			"from": [-4, 11.75, 7.5],
			"to": [-3, 12.75, 8.5],
			"rotation": {"angle": 0, "axis": "z", "origin": [6.5, 18, 11.75]},
			"faces": {
				"north": {"uv": [8, 9.5, 8.5, 10], "texture": "#3"},
				"east": {"uv": [8, 9.5, 8.5, 10], "texture": "#3"},
				"south": {"uv": [8, 9.5, 8.5, 10], "texture": "#3"},
				"west": {"uv": [8, 9.5, 8.5, 10], "texture": "#3"},
				"up": {"uv": [8, 9.5, 8.5, 10], "texture": "#3"},
				"down": {"uv": [8, 9.5, 8.5, 10], "texture": "#3"}
			}
		},
		{
			"name": "PigLeftBack",
			"from": [-1.75, 11, 7.25],
			"to": [-1.25, 11.5, 7.75],
			"rotation": {"angle": 0, "axis": "z", "origin": [6.5, 18, 11.75]},
			"faces": {
				"north": {"uv": [8, 9, 8.5, 9.5], "texture": "#3"},
				"east": {"uv": [8, 9, 8.5, 9.5], "texture": "#3"},
				"south": {"uv": [8, 9, 8.5, 9.5], "texture": "#3"},
				"west": {"uv": [8, 9, 8.5, 9.5], "texture": "#3"},
				"up": {"uv": [8, 9, 8.5, 9.5], "texture": "#3"},
				"down": {"uv": [8, 9, 8.5, 9.5], "texture": "#3"}
			}
		},
		{
			"name": "PigRightBack",
			"from": [-1.75, 11, 8.25],
			"to": [-1.25, 11.5, 8.75],
			"rotation": {"angle": 0, "axis": "z", "origin": [6.5, 18, 11.75]},
			"faces": {
				"north": {"uv": [8, 9, 8.5, 9.5], "texture": "#3"},
				"east": {"uv": [8, 9, 8.5, 9.5], "texture": "#3"},
				"south": {"uv": [8, 9, 8.5, 9.5], "texture": "#3"},
				"west": {"uv": [8, 9, 8.5, 9.5], "texture": "#3"},
				"up": {"uv": [8, 9, 8.5, 9.5], "texture": "#3"},
				"down": {"uv": [8, 9, 8.5, 9.5], "texture": "#3"}
			}
		},
		{
			"name": "Platform",
			"from": [-4, 10.175, 7],
			"to": [3, 11, 9],
			"rotation": {"angle": 0, "axis": "z", "origin": [6.5, 18, 11.75]},
			"faces": {
				"north": {"uv": [12.5, 7.5, 16, 8], "texture": "#3"},
				"east": {"uv": [13, 7.5, 13.5, 8.5], "rotation": 90, "texture": "#3"},
				"south": {"uv": [12.5, 7.5, 16, 8], "texture": "#3"},
				"west": {"uv": [13, 7.5, 13.5, 8.5], "rotation": 90, "texture": "#3"},
				"up": {"uv": [12.5, 7.5, 16, 8.5], "texture": "#3"},
				"down": {"uv": [12.5, 7.5, 16, 8.5], "texture": "#3"}
			}
		}
	],
	"groups": [
		{
			"name": "Pig",
			"origin": [6, 17, 12],
			"children": [0, 1, 2, 3, 4, 5, 6]
		}
	]
}