{
	"credit": "Made with Blockbench",
	"parent": "block/block",
	"ambientocclusion": false,
	"textures": {
		"18": "create:block/deployer",
		"mechanical_press_head": "create:block/mechanical_press_head",
		"mechanical_press_pole": "create:block/mechanical_press_pole"
	},
	"elements": [
		{
			"name": "Cap",
			"from": [5, 5, 12],
			"to": [11, 11, 14],
			"rotation": {"angle": 0, "axis": "y", "origin": [8, 8, -1]},
			"faces": {
				"north": {"uv": [10, 6, 16, 12], "texture": "#mechanical_press_pole"},
				"east": {"uv": [0, 14, 6, 16], "rotation": 90, "texture": "#mechanical_press_pole"},
				"south": {"uv": [10, 6, 16, 12], "texture": "#mechanical_press_pole"},
				"west": {"uv": [0, 14, 6, 16], "rotation": 90, "texture": "#mechanical_press_pole"},
				"up": {"uv": [0, 14, 6, 16], "texture": "#mechanical_press_pole"},
				"down": {"uv": [0, 14, 6, 16], "rotation": 180, "texture": "#mechanical_press_pole"}
			}
		},
		{
			"from": [4, 5, 17],
			"to": [6, 10, 21],
			"rotation": {"angle": 0, "axis": "y", "origin": [7, 7, 5]},
			"faces": {
				"north": {"uv": [0, 8, 2, 13], "texture": "#18"},
				"east": {"uv": [0, 0, 4, 5], "texture": "#18"},
				"south": {"uv": [0, 1, 2, 6], "texture": "#18"},
				"west": {"uv": [0, 8, 4, 13], "texture": "#18"},
				"up": {"uv": [0, 0, 2, 4], "texture": "#18"},
				"down": {"uv": [0, 4, 2, 8], "texture": "#18"}
			}
		},
		{
			"from": [6, 5, 17],
			"to": [8, 10, 21],
			"rotation": {"angle": 0, "axis": "y", "origin": [7, 7, 5]},
			"faces": {
				"north": {"uv": [0, 8, 2, 13], "texture": "#18"},
				"east": {"uv": [4, 8, 0, 13], "texture": "#18"},
				"south": {"uv": [0, 1, 2, 6], "texture": "#18"},
				"west": {"uv": [0, 8, 4, 13], "texture": "#18"},
				"up": {"uv": [0, 0, 2, 4], "texture": "#18"},
				"down": {"uv": [0, 4, 2, 8], "texture": "#18"}
			}
		},
		{
			"from": [6, 6, 14],
			"to": [10, 9.95, 18],
			"rotation": {"angle": 0, "axis": "y", "origin": [8, 7, 5]},
			"faces": {
				"north": {"uv": [0, 0, 4, 3], "texture": "#mechanical_press_head"},
				"east": {"uv": [3, 0, 7, 4], "texture": "#mechanical_press_head"},
				"south": {"uv": [0, 0, 4, 3], "texture": "#mechanical_press_head"},
				"west": {"uv": [3, 0, 7, 4], "texture": "#mechanical_press_head"},
				"up": {"uv": [0, 0, 4, 4], "rotation": 270, "texture": "#mechanical_press_head"},
				"down": {"uv": [4, 8, 8, 12], "rotation": 90, "texture": "#mechanical_press_head"}
			}
		},
		{
			"from": [8, 8, 19],
			"to": [10, 10, 25],
			"rotation": {"angle": 0, "axis": "y", "origin": [7, 7, 5]},
			"faces": {
				"north": {"uv": [0, 0, 2, 2], "texture": "#18"},
				"east": {"uv": [2, 3, 4, 9], "rotation": 270, "texture": "#18"},
				"south": {"uv": [0, 1, 2, 3], "texture": "#18"},
				"west": {"uv": [4, 2, 6, 8], "rotation": 90, "texture": "#18"},
				"up": {"uv": [0, 0, 2, 6], "texture": "#18"},
				"down": {"uv": [0, 3, 2, 9], "texture": "#18"}
			}
		},
		{
			"from": [8, 7, 17],
			"to": [12, 10, 19],
			"rotation": {"angle": 0, "axis": "y", "origin": [7, 7, 5]},
			"faces": {
				"north": {"uv": [0, 0, 4, 3], "texture": "#18"},
				"east": {"uv": [0, 1, 2, 4], "rotation": 180, "texture": "#18"},
				"south": {"uv": [0, 8, 3, 12], "rotation": 270, "texture": "#18"},
				"west": {"uv": [0, 0, 2, 3], "texture": "#18"},
				"up": {"uv": [2, 0, 0, 4], "rotation": 270, "texture": "#18"},
				"down": {"uv": [0, 2, 2, 6], "rotation": 270, "texture": "#18"}
			}
		},
		{
			"from": [5, 7, 15],
			"to": [11, 10, 17],
			"rotation": {"angle": 0, "axis": "y", "origin": [7, 7, 5]},
			"faces": {
				"north": {"uv": [0, 2, 3, 8], "rotation": 270, "texture": "#18"},
				"east": {"uv": [1, 4, 3, 7], "texture": "#18"},
				"south": {"uv": [0, 0, 6, 3], "texture": "#18"},
				"west": {"uv": [1, 4, 3, 7], "texture": "#18"},
				"up": {"uv": [1, 2, 3, 8], "rotation": 270, "texture": "#18"},
				"down": {"uv": [1, 2, 3, 8], "rotation": 90, "texture": "#18"}
			}
		}
	],
	"groups": [
		{
			"name": "head",
			"origin": [8, 8, 8],
			"children": [0,
				{
					"name": "Pointing",
					"origin": [8, 8, 8],
					"children": [1, 2, 3, 4, 5, 6]
				}
			]
		}
	]
}