{
	"credit": "Made with Blockbench",
	"parent": "block/block",
	"ambientocclusion": false,
	"textures": {
		"6": "create:block/piston_bottom",
		"7": "create:block/piston_inner",
		"particle": "create:block/gearbox_top",
		"gearbox_top": "create:block/gearbox_top",
		"gearbox": "create:block/gearbox",
		"andesite_casing_short": "create:block/andesite_casing_short"
	},
	"elements": [
		{
			"name": "Bottom",
			"from": [0, 0, 0],
			"to": [16, 16, 2],
			"faces": {
				"north": {"uv": [0, 0, 16, 16], "rotation": 270, "texture": "#6"},
				"east": {"uv": [0, 14, 16, 16], "rotation": 270, "texture": "#gearbox_top"},
				"south": {"uv": [0, 0, 16, 16], "rotation": 270, "texture": "#gearbox_top"},
				"west": {"uv": [0, 14, 16, 16], "rotation": 90, "texture": "#gearbox_top"},
				"up": {"uv": [0, 14, 16, 16], "rotation": 180, "texture": "#andesite_casing_short"},
				"down": {"uv": [0, 14, 16, 16], "texture": "#andesite_casing_short"}
			}
		},
		{
			"name": "Inner",
			"from": [1, 2, 2],
			"to": [15, 14, 12],
			"faces": {
				"north": {"uv": [0, 0, 12, 14], "rotation": 270, "texture": "#gearbox"},
				"east": {"uv": [2, 4, 14, 14], "rotation": 270, "texture": "#gearbox"},
				"south": {"uv": [2, 1, 14, 15], "rotation": 90, "texture": "#7"},
				"west": {"uv": [2, 4, 14, 14], "rotation": 90, "texture": "#gearbox"}
			}
		},
		{
			"name": "Side",
			"from": [0, 0, 2],
			"to": [16, 2, 12],
			"faces": {
				"east": {"uv": [0, 2, 2, 12], "rotation": 270, "texture": "#gearbox_top"},
				"south": {"uv": [0, 0, 16, 2], "texture": "#andesite_casing_short"},
				"west": {"uv": [14, 0, 16, 10], "rotation": 90, "texture": "#gearbox_top"},
				"up": {"uv": [0, 0, 16, 10], "rotation": 180, "texture": "#gearbox_top"},
				"down": {"uv": [0, 4, 16, 14], "texture": "#andesite_casing_short"}
			}
		},
		{
			"name": "Side2",
			"from": [0, 14, 2],
			"to": [16, 16, 12],
			"faces": {
				"east": {"uv": [14, 2, 16, 12], "rotation": 270, "texture": "#gearbox_top"},
				"south": {"uv": [0, 0, 16, 2], "rotation": 180, "texture": "#andesite_casing_short"},
				"west": {"uv": [0, 0, 2, 10], "rotation": 90, "texture": "#gearbox_top"},
				"up": {"uv": [0, 4, 16, 14], "rotation": 180, "texture": "#andesite_casing_short"},
				"down": {"uv": [0, 0, 16, 10], "texture": "#gearbox_top"}
			}
		}
	],
	"groups": [
		{
			"name": "body",
			"origin": [8, 8, 8],
			"children": [0, 1, 2, 3]
		}
	]
}