{
	"credit": "Made with Blockbench",
	"parent": "block/block",
	"textures": {
		"5": "create:block/creative_casing",
		"6": "create:block/creative_motor",
		"7": "create:block/gearbox",
		"8": "block/polished_andesite",
		"9": "create:block/andesite_bricks",
		"particle": "#5"
	},
	"elements": [
		{
			"name": "Back",
			"from": [3, 12, 3],
			"to": [13, 14, 13],
			"faces": {
				"north": {"uv": [3, 2, 13, 0], "rotation": 180, "texture": "#5"},
				"east": {"uv": [3, 2, 13, 0], "rotation": 180, "texture": "#5"},
				"south": {"uv": [3, 2, 13, 0], "rotation": 180, "texture": "#5"},
				"west": {"uv": [3, 2, 13, 0], "rotation": 180, "texture": "#5"},
				"up": {"uv": [10, 0, 0, 10], "texture": "#6"},
				"down": {"uv": [10, 0, 0, 10], "rotation": 180, "texture": "#6"}
			}
		},
		{
			"name": "Between Rims",
			"from": [5, 9, 5],
			"to": [11, 13, 11],
			"faces": {
				"north": {"uv": [10, 6, 16, 10], "texture": "#6"},
				"east": {"uv": [10, 6, 16, 10], "texture": "#6"},
				"south": {"uv": [10, 6, 16, 10], "texture": "#6"},
				"west": {"uv": [10, 6, 16, 10], "texture": "#6"},
				"up": {"uv": [10, 0, 16, 6], "texture": "#6"},
				"down": {"uv": [14, 4, 20, 10], "rotation": 180, "texture": "#6"}
			}
		},
		{
			"name": "Between Rims",
			"from": [3.5, 5, 3.5],
			"to": [12.5, 8, 12.5],
			"rotation": {"angle": 0, "axis": "y", "origin": [8, 10, 8]},
			"faces": {
				"north": {"uv": [3, 10, 12, 13], "texture": "#6"},
				"east": {"uv": [3, 10, 12, 13], "texture": "#6"},
				"south": {"uv": [3, 10, 12, 13], "texture": "#6"},
				"west": {"uv": [3, 10, 12, 13], "texture": "#6"}
			}
		},
		{
			"name": "Body",
			"from": [4, 2, 4],
			"to": [12, 11, 12],
			"faces": {
				"north": {"uv": [4, 3, 12, 12], "texture": "#5"},
				"east": {"uv": [4, 3, 12, 12], "texture": "#5"},
				"south": {"uv": [4, 3, 12, 12], "texture": "#5"},
				"west": {"uv": [4, 3, 12, 12], "texture": "#5"},
				"up": {"uv": [3, 3, 11, 11], "rotation": 180, "texture": "#5"},
				"down": {"uv": [0, 4, 8, 14], "texture": "#5"}
			}
		},
		{
			"from": [2, 0, 12],
			"to": [4, 15, 14],
			"faces": {
				"north": {"uv": [1, 14, 16, 16], "rotation": 90, "texture": "#7"},
				"east": {"uv": [0, 0, 2, 15], "rotation": 180, "texture": "#7"},
				"south": {"uv": [0, 0, 15, 2], "rotation": 270, "texture": "#7"},
				"west": {"uv": [14, 1, 16, 16], "texture": "#7"},
				"up": {"uv": [16, 12, 14, 10], "texture": "#6"},
				"down": {"uv": [16, 12, 14, 10], "rotation": 270, "texture": "#6"}
			}
		},
		{
			"from": [2, 0, 2],
			"to": [4, 15, 4],
			"faces": {
				"north": {"uv": [0, 2, 15, 0], "rotation": 270, "texture": "#7"},
				"east": {"uv": [2, 0, 0, 15], "rotation": 180, "texture": "#7"},
				"south": {"uv": [1, 16, 16, 14], "rotation": 90, "texture": "#7"},
				"west": {"uv": [16, 1, 14, 16], "texture": "#7"},
				"up": {"uv": [16, 10, 14, 12], "texture": "#6"},
				"down": {"uv": [14, 12, 16, 10], "rotation": 270, "texture": "#6"}
			}
		},
		{
			"from": [12, 0, 12],
			"to": [14, 15, 14],
			"faces": {
				"north": {"uv": [1, 16, 16, 14], "rotation": 90, "texture": "#7"},
				"east": {"uv": [16, 1, 14, 16], "texture": "#7"},
				"south": {"uv": [0, 2, 15, 0], "rotation": 270, "texture": "#7"},
				"west": {"uv": [2, 0, 0, 15], "rotation": 180, "texture": "#7"},
				"up": {"uv": [14, 12, 16, 10], "texture": "#6"},
				"down": {"uv": [16, 10, 14, 12], "rotation": 270, "texture": "#6"}
			}
		},
		{
			"from": [12, 0, 2],
			"to": [14, 15, 4],
			"faces": {
				"north": {"uv": [0, 0, 15, 2], "rotation": 270, "texture": "#7"},
				"east": {"uv": [14, 1, 16, 16], "texture": "#7"},
				"south": {"uv": [1, 14, 16, 16], "rotation": 90, "texture": "#7"},
				"west": {"uv": [0, 0, 2, 15], "rotation": 180, "texture": "#7"},
				"up": {"uv": [14, 10, 16, 12], "texture": "#6"},
				"down": {"uv": [14, 10, 16, 12], "rotation": 270, "texture": "#6"}
			}
		},
		{
			"from": [3, 0.2, 3],
			"to": [13, 4, 13],
			"faces": {
				"north": {"uv": [5, 0, 15, 4], "texture": "#9"},
				"east": {"uv": [5, 0, 15, 4], "texture": "#9"},
				"south": {"uv": [5, 0, 15, 4], "texture": "#9"},
				"west": {"uv": [5, 0, 15, 4], "texture": "#9"},
				"up": {"uv": [11, 14, 1, 4], "rotation": 90, "texture": "#8"},
				"down": {"uv": [10, 10, 0, 0], "rotation": 180, "texture": "#6"}
			}
		}
	]
}