{
	"credit": "Made with Blockbench",
	"parent": "block/block",
	"textures": {
		"3": "create:block/brass_funnel_back",
		"5": "create:block/brass_funnel_tall",
		"8": "create:block/brass_storage_block",
		"9": "create:block/brass_funnel_slope",
		"10": "create:block/funnel_closed",
		"2_2": "create:block/brass_funnel_pull"
	},
	"elements": [
		{
			"name": "LeftWall",
			"from": [0, 4, 0],
			"to": [2, 10, 16],
			"rotation": {"angle": 0, "axis": "y", "origin": [8, 4, 2]},
			"faces": {
				"north": {"uv": [14, 0, 16, 6], "texture": "#2_2"},
				"south": {"uv": [0, 0, 2, 6], "texture": "#2_2"},
				"west": {"uv": [0, 0, 16, 6], "texture": "#2_2"},
				"up": {"uv": [0, 0, 2, 16], "texture": "#8"},
				"down": {"uv": [0, 0, 16, 2], "rotation": 270, "texture": "#8"}
			}
		},
		{
			"name": "LeftWall",
			"from": [14, 4, 0],
			"to": [16, 10, 16],
			"rotation": {"angle": 0, "axis": "y", "origin": [8, 4, 2]},
			"faces": {
				"north": {"uv": [2, 0, 0, 6], "rotation": 180, "texture": "#2_2"},
				"east": {"uv": [0, 6, 16, 0], "rotation": 180, "texture": "#2_2"},
				"south": {"uv": [14, 0, 16, 6], "texture": "#2_2"},
				"up": {"uv": [14, 0, 16, 16], "texture": "#8"},
				"down": {"uv": [0, 14, 16, 16], "rotation": 270, "texture": "#8"}
			}
		},
		{
			"name": "Top",
			"from": [2, 4, 0],
			"to": [14, 10, 2],
			"rotation": {"angle": 0, "axis": "y", "origin": [8, 4, 2]},
			"faces": {
				"north": {"uv": [2, 0, 14, 6], "texture": "#2_2"},
				"up": {"uv": [2, 0, 14, 2], "texture": "#8"},
				"down": {"uv": [0, 2, 2, 14], "rotation": 270, "texture": "#8"}
			}
		},
		{
			"name": "Top",
			"from": [2, 4, 14],
			"to": [14, 10, 16],
			"rotation": {"angle": 0, "axis": "y", "origin": [8, 4, 18]},
			"faces": {
				"south": {"uv": [14, 0, 2, 6], "texture": "#2_2"},
				"up": {"uv": [2, 16, 14, 14], "rotation": 180, "texture": "#8"},
				"down": {"uv": [14, 14, 16, 2], "rotation": 270, "texture": "#8"}
			}
		},
		{
			"from": [1, 1, 1],
			"to": [15, 4, 15],
			"rotation": {"angle": 0, "axis": "y", "origin": [7, -6, 10]},
			"faces": {
				"north": {"uv": [1, 0, 15, 3], "texture": "#5"},
				"east": {"uv": [1, 0, 15, 3], "texture": "#5"},
				"south": {"uv": [1, 0, 15, 3], "texture": "#5"},
				"west": {"uv": [1, 0, 15, 3], "texture": "#5"},
				"down": {"uv": [2, 2, 14, 14], "rotation": 270, "texture": "#8"}
			}
		},
		{
			"from": [1, 5, 2],
			"to": [2, 10, 14],
			"rotation": {"angle": 22.5, "axis": "z", "origin": [2, 10, 8]},
			"faces": {
				"east": {"uv": [2, 2, 14, 7], "texture": "#9"}
			}
		},
		{
			"from": [14, 5, 2],
			"to": [15, 10, 14],
			"rotation": {"angle": -22.5, "axis": "z", "origin": [14, 10, 8]},
			"faces": {
				"west": {"uv": [2, 2, 14, 7], "texture": "#9"}
			}
		},
		{
			"from": [2, 5, 14],
			"to": [14, 10, 15],
			"rotation": {"angle": 22.5, "axis": "x", "origin": [8, 10, 14]},
			"faces": {
				"north": {"uv": [2, 2, 14, 7], "texture": "#9"}
			}
		},
		{
			"from": [2, 5, 1],
			"to": [14, 10, 2],
			"rotation": {"angle": -22.5, "axis": "x", "origin": [8, 10, 2]},
			"faces": {
				"south": {"uv": [2, 2, 14, 7], "texture": "#9"}
			}
		},
		{
			"from": [3, 5, 3],
			"to": [13, 6, 13],
			"rotation": {"angle": 0, "axis": "y", "origin": [11, 13, 11]},
			"faces": {
				"up": {"uv": [3, 3, 13, 13], "texture": "#10"}
			}
		},
		{
			"name": "Back",
			"from": [1.925, -1.95, 1.925],
			"to": [14.075, 2, 14.075],
			"rotation": {"angle": 0, "axis": "y", "origin": [8, 0.025, 8]},
			"faces": {
				"north": {"uv": [2, 12, 14, 16], "texture": "#9"},
				"east": {"uv": [2, 12, 14, 16], "texture": "#9"},
				"south": {"uv": [2, 12, 14, 16], "texture": "#9"},
				"west": {"uv": [2, 12, 14, 16], "texture": "#9"},
				"down": {"uv": [6, 8, 12, 14], "rotation": 180, "texture": "#3"}
			}
		},
		{
			"name": "Back",
			"from": [2.1, 2, 2.05],
			"to": [13.9, 4.1, 13.1],
			"rotation": {"angle": 0, "axis": "y", "origin": [8, -6, 24.1]},
			"faces": {
				"east": {"uv": [2.5, 1.5, 8, 0.5], "texture": "#5"},
				"west": {"uv": [2.5, 0.5, 8, 1.5], "rotation": 180, "texture": "#5"}
			}
		}
	],
	"groups": [
		{
			"name": "block_retracted",
			"origin": [8, 8, 8],
			"children": [
				{
					"name": "BeltFunnel",
					"origin": [9, -4, 8],
					"children": [
						{
							"name": "FrontSection",
							"origin": [9, -4, 8],
							"children": [0, 1, 2, 3, 4, 5, 6, 7, 8, 9]
						},
						{
							"name": "Base",
							"origin": [9, -4, 8],
							"children": [10, 11]
						}
					]
				}
			]
		},
		{
			"name": "Item Filter",
			"origin": [8, 0, 8],
			"children": []
		}
	]
}