{
    "__comment": "Model generated using MrCrayfish's Model Creator (http://mrcrayfish.com/modelcreator/)",
    "textures": {
		"particle": "create:block/gearbox_top",
        "0": "create:block/gearbox_top",
        "1": "create:block/piston_bottom",
        "2": "create:block/gearbox",
        "3": "create:block/piston_inner",
        "4": "block/piston_side",
        "5": "block/piston_top"
    },
    "elements": [
        {
            "name": "Bottom",
            "from": [ 0.0, 0.0, 0.0 ], 
            "to": [ 16.0, 2.0, 16.0 ], 
            "faces": {
                "north": { "texture": "#0", "uv": [ 0.0, 14.0, 16.0, 16.0 ] },
                "east": { "texture": "#0", "uv": [ 0.0, 14.0, 16.0, 16.0 ] },
                "south": { "texture": "#0", "uv": [ 0.0, 14.0, 16.0, 16.0 ] },
                "west": { "texture": "#0", "uv": [ 0.0, 14.0, 16.0, 16.0 ] },
                "up": { "texture": "#0", "uv": [ 0.0, 0.0, 16.0, 16.0 ] },
                "down": { "texture": "#1", "uv": [ 0.0, 0.0, 16.0, 16.0 ] }
            }
        },
        {
            "name": "Inner",
            "from": [ 1.0, 2.0, 2.0 ], 
            "to": [ 15.0, 12.0, 14.0 ], 
            "faces": {
                "east": { "texture": "#2", "uv": [ 2.0, 4.0, 14.0, 14.0 ] },
                "west": { "texture": "#2", "uv": [ 2.0, 4.0, 14.0, 14.0 ] }
            }
        },
        {
            "name": "Side",
            "from": [ 0.0, 2.0, 0.0 ], 
            "to": [ 16.0, 12.0, 2.0 ], 
            "faces": {
                "north": { "texture": "#0", "uv": [ 0.0, 0.0, 16.0, 9.0 ] },
                "east": { "texture": "#0", "uv": [ 14.0, 0.0, 16.0, 10.0 ] },
                "south": { "texture": "#0", "uv": [ 0.0, 0.0, 16.0, 10.0 ] },
                "west": { "texture": "#0", "uv": [ 0.0, 0.0, 2.0, 10.0 ] }
            }
        },
        {
            "name": "Side2",
            "from": [ 0.0, 2.0, 14.0 ], 
            "to": [ 16.0, 12.0, 16.0 ], 
            "faces": {
                "north": { "texture": "#0", "uv": [ 0.0, 0.0, 16.0, 10.0 ] },
                "east": { "texture": "#0", "uv": [ 0.0, 0.0, 2.0, 10.0 ] },
                "south": { "texture": "#0", "uv": [ 0.0, 0.0, 16.0, 10.0 ] },
                "west": { "texture": "#0", "uv": [ 14.0, 0.0, 16.0, 10.0 ] }
            }
        },
        {
            "name": "Top",
            "from": [ 0.0, 12.0, 0.0 ], 
            "to": [ 16.0, 16.0, 16.0 ], 
            "faces": {
                "north": { "texture": "#4", "uv": [ 0.0, 0.0, 16.0, 4.0 ] },
                "east": { "texture": "#4", "uv": [ 0.0, 0.0, 16.0, 4.0 ] },
                "south": { "texture": "#4", "uv": [ 0.0, 0.0, 16.0, 4.0 ] },
                "west": { "texture": "#4", "uv": [ 0.0, 0.0, 16.0, 4.0 ] },
                "up": { "texture": "#5", "uv": [ 0.0, 0.0, 16.0, 16.0 ] },
                "down": { "texture": "#3", "uv": [ 0.0, 0.0, 16.0, 16.0 ] }
            }
        }
    ]
}