{
	"credit": "Made with Blockbench",
	"parent": "block/block",
	"textures": {
		"0": "create:block/gearbox_top",
		"1": "create:block/piston_bottom",
		"2": "create:block/gearbox",
		"3": "create:block/piston_inner",
		"4": "block/piston_side",
		"5": "block/piston_top",
		"particle": "create:block/axis",
		"1_0": "create:block/axis",
		"1_1": "create:block/axis_top"
	},
	"elements": [
		{
			"name": "Bottom",
			"from": [0, 0, 0],
			"to": [16, 2, 16],
			"faces": {
				"north": {"uv": [0, 14, 16, 16], "texture": "#0"},
				"east": {"uv": [0, 14, 16, 16], "texture": "#0"},
				"south": {"uv": [0, 14, 16, 16], "texture": "#0"},
				"west": {"uv": [0, 14, 16, 16], "texture": "#0"},
				"up": {"uv": [0, 0, 16, 16], "texture": "#0"},
				"down": {"uv": [0, 0, 16, 16], "texture": "#1"}
			}
		},
		{
			"name": "Inner",
			"from": [2, 2, 1],
			"to": [14, 12, 15],
			"faces": {
				"north": {"uv": [2, 4, 14, 14], "texture": "#2"},
				"south": {"uv": [2, 4, 14, 14], "texture": "#2"},
				"down": {"uv": [0, 0, 12, 14], "texture": "#2"}
			}
		},
		{
			"name": "Side",
			"from": [0, 2, 0],
			"to": [2, 12, 16],
			"faces": {
				"north": {"uv": [14, 0, 16, 10], "texture": "#0"},
				"east": {"uv": [0, 0, 16, 10], "texture": "#0"},
				"south": {"uv": [0, 0, 2, 10], "texture": "#0"},
				"west": {"uv": [0, 0, 16, 10], "texture": "#0"}
			}
		},
		{
			"name": "Side2",
			"from": [14, 2, 0],
			"to": [16, 12, 16],
			"faces": {
				"north": {"uv": [0, 0, 2, 10], "texture": "#0"},
				"east": {"uv": [0, 0, 16, 10], "texture": "#0"},
				"south": {"uv": [14, 0, 16, 10], "texture": "#0"},
				"west": {"uv": [0, 0, 16, 10], "texture": "#0"}
			}
		},
		{
			"name": "Top",
			"from": [0, 12, 0],
			"to": [16, 16, 16],
			"faces": {
				"north": {"uv": [0, 0, 16, 4], "texture": "#4"},
				"east": {"uv": [0, 0, 16, 4], "texture": "#4"},
				"south": {"uv": [0, 0, 16, 4], "texture": "#4"},
				"west": {"uv": [0, 0, 16, 4], "texture": "#4"},
				"up": {"uv": [0, 0, 16, 16], "texture": "#5"},
				"down": {"uv": [0, 0, 16, 16], "texture": "#3"}
			}
		},
		{
			"name": "Axis",
			"from": [6, 6, 0],
			"to": [10, 10, 16],
			"faces": {
				"north": {"uv": [6, 6, 10, 10], "rotation": 180, "texture": "#1_1"},
				"east": {"uv": [6, 0, 10, 16], "rotation": 90, "texture": "#1_0"},
				"south": {"uv": [6, 6, 10, 10], "texture": "#1_1"},
				"west": {"uv": [6, 0, 10, 16], "rotation": 270, "texture": "#1_0"},
				"up": {"uv": [6, 0, 10, 16], "texture": "#1_0"},
				"down": {"uv": [6, 0, 10, 16], "rotation": 180, "texture": "#1_0"}
			}
		}
	],
	"groups": [0, 1, 2, 3, 4,
		{
			"name": "shaft",
			"origin": [8, 8, 8],
			"children": [5]
		}
	]
}