{
	"credit": "Made with Blockbench",
	"parent": "block/block",
	"texture_size": [32, 32],
	"textures": {
		"2": "create:block/brass_funnel_neutral",
		"3": "create:block/brass_funnel_back",
		"5": "create:block/brass_funnel_tall",
		"6": "create:block/brass_funnel",
		"7": "create:block/brass_funnel_plating",
		"particle": "create:block/brass_block"
	},
	"elements": [
		{
			"name": "LeftWall",
			"from": [14, -3, 8],
			"to": [16, 0, 14],
			"rotation": {"angle": 0, "axis": "y", "origin": [8, -8, 8]},
			"faces": {
				"north": {"uv": [0, 8, 1, 9.5], "texture": "#7"},
				"east": {"uv": [13, 0, 16, 6], "rotation": 90, "texture": "#2"},
				"south": {"uv": [15, 8, 16, 9.5], "texture": "#7"},
				"west": {"uv": [13, 0, 16, 6], "rotation": 90, "texture": "#2"},
				"down": {"uv": [14, 10, 16, 16], "texture": "#particle"}
			}
		},
		{
			"name": "LeftWall",
			"from": [0, -3, 8],
			"to": [2, 0, 14],
			"rotation": {"angle": 0, "axis": "y", "origin": [8, -8, 8]},
			"faces": {
				"north": {"uv": [7, 8, 8, 9.5], "texture": "#7"},
				"east": {"uv": [13, 6, 16, 0], "rotation": 90, "texture": "#2"},
				"south": {"uv": [8, 7.5, 9, 9], "texture": "#7"},
				"west": {"uv": [13, 6, 16, 0], "rotation": 90, "texture": "#2"},
				"down": {"uv": [0, 10, 2, 16], "texture": "#particle"}
			}
		},
		{
			"name": "LeftWall",
			"from": [14, 0, 8],
			"to": [16, 16, 14],
			"rotation": {"angle": 0, "axis": "y", "origin": [8, -8, 8]},
			"faces": {
				"north": {"uv": [0, 0, 1, 8], "texture": "#7"},
				"east": {"uv": [0, 6, 16, 12], "rotation": 90, "texture": "#2"},
				"south": {"uv": [15, 0, 16, 8], "texture": "#7"},
				"west": {"uv": [0, 12, 16, 6], "rotation": 90, "texture": "#2"},
				"up": {"uv": [14, 0, 16, 6], "texture": "#2"}
			}
		},
		{
			"name": "LeftWall",
			"from": [0, 0, 8],
			"to": [2, 16, 14],
			"rotation": {"angle": 0, "axis": "y", "origin": [8, -8, 8]},
			"faces": {
				"north": {"uv": [7, 0, 8, 8], "texture": "#7"},
				"east": {"uv": [0, 6, 16, 12], "rotation": 90, "texture": "#2"},
				"south": {"uv": [8, 0, 9, 8], "texture": "#7"},
				"west": {"uv": [0, 12, 16, 6], "rotation": 90, "texture": "#2"},
				"up": {"uv": [16, 0, 14, 6], "texture": "#2"}
			}
		},
		{
			"name": "Top",
			"from": [2, 10, 8],
			"to": [14, 16, 14],
			"rotation": {"angle": 0, "axis": "y", "origin": [6, -8, 8]},
			"faces": {
				"north": {"uv": [1, 0, 7, 3], "texture": "#7"},
				"south": {"uv": [9, 0, 15, 3], "texture": "#7"},
				"up": {"uv": [2, 0, 14, 6], "texture": "#2"},
				"down": {"uv": [2, 0, 14, 6], "rotation": 180, "texture": "#2"}
			}
		},
		{
			"name": "Top",
			"from": [2, -2, 12],
			"to": [14, 10, 14],
			"rotation": {"angle": 0, "axis": "y", "origin": [6, -14, 8]},
			"faces": {
				"north": {"uv": [0, 8, 6, 14], "texture": "#3"},
				"south": {"uv": [9, 3, 15, 9.5], "texture": "#7"}
			}
		},
		{
			"name": "LeftBottom",
			"from": [15, -5, 8],
			"to": [16, -3, 14],
			"rotation": {"angle": 0, "axis": "y", "origin": [8, -8, 8]},
			"faces": {
				"north": {"uv": [0, 9.5, 0.5, 10.5], "texture": "#7"},
				"east": {"uv": [5, 15, 8, 16], "texture": "#7"},
				"west": {"uv": [5, 15, 8, 16], "texture": "#7"},
				"down": {"uv": [0, 0, 1, 6], "texture": "#particle"}
			}
		},
		{
			"name": "LeftBottom",
			"from": [0, -5, 8],
			"to": [1, -3, 14],
			"rotation": {"angle": 0, "axis": "y", "origin": [8, -8, 8]},
			"faces": {
				"north": {"uv": [7.5, 9.5, 8, 10.5], "texture": "#7"},
				"east": {"uv": [8, 15, 5, 16], "texture": "#7"},
				"west": {"uv": [8, 15, 5, 16], "texture": "#7"},
				"down": {"uv": [0, 0, 1, 6], "texture": "#particle"}
			}
		},
		{
			"name": "Back",
			"from": [2.1, -2.1, 14],
			"to": [13.9, 13.95, 18.1],
			"rotation": {"angle": 0, "axis": "y", "origin": [8, -8.1, 6]},
			"faces": {
				"east": {"uv": [0, 0, 16, 4], "rotation": 90, "texture": "#5"},
				"south": {"uv": [9, 1, 15, 9], "texture": "#7"},
				"west": {"uv": [0, 0, 16, 4], "rotation": 270, "texture": "#5"},
				"up": {"uv": [0, 0, 12, 4], "texture": "#6"},
				"down": {"uv": [0, 0, 12, 4], "rotation": 180, "texture": "#6"}
			}
		},
		{
			"name": "RearBackPlate",
			"from": [1, -5, 10],
			"to": [15, -2, 16.05],
			"rotation": {"angle": 0, "axis": "y", "origin": [7, -8, 8]},
			"faces": {
				"north": {"uv": [1, 13, 15, 16], "texture": "#particle"},
				"south": {"uv": [0.5, 13, 7.5, 14.5], "texture": "#7"},
				"up": {"uv": [1, 10, 15, 16], "texture": "#particle"}
			}
		},
		{
			"name": "BackPlateLeft",
			"from": [15, -5, 14],
			"to": [16, -2, 16.05],
			"rotation": {"angle": 0, "axis": "y", "origin": [8, -8, 6]},
			"faces": {
				"east": {"uv": [0, 14.5, 1, 16], "texture": "#7"},
				"south": {"uv": [7.5, 14.5, 8, 16], "texture": "#7"},
				"west": {"uv": [7, 14.5, 8, 16], "texture": "#7"},
				"up": {"uv": [0, 15, 1, 14.5], "rotation": 270, "texture": "#7"},
				"down": {"uv": [0, 0, 1, 2], "texture": "#particle"}
			}
		},
		{
			"name": "BackPlateLeft",
			"from": [0, -5, 14],
			"to": [1, -2, 16.05],
			"rotation": {"angle": 0, "axis": "y", "origin": [8, -8, 6]},
			"faces": {
				"east": {"uv": [8, 14.5, 7, 16], "texture": "#7"},
				"south": {"uv": [0, 14.5, 0.5, 16], "texture": "#7"},
				"west": {"uv": [1, 14.5, 0, 16], "texture": "#7"},
				"up": {"uv": [0, 15, 1, 14.5], "rotation": 270, "texture": "#7"},
				"down": {"uv": [0, 0, 1, 2], "texture": "#particle"}
			}
		},
		{
			"from": [1, -2, 14],
			"to": [15, 15, 15],
			"rotation": {"angle": 0, "axis": "y", "origin": [9, 6, 22]},
			"faces": {
				"east": {"uv": [1, 6, 9, 6.5], "rotation": 90, "texture": "#3"},
				"south": {"uv": [8, 0, 16, 6], "rotation": 90, "texture": "#3"},
				"west": {"uv": [1, 6, 9, 6.5], "rotation": 90, "texture": "#3"},
				"up": {"uv": [6, 0, 6.5, 6], "rotation": 90, "texture": "#3"}
			}
		}
	],
	"groups": [
		{
			"name": "BeltFunnel",
			"origin": [9, -4, 8],
			"children": [
				{
					"name": "FrontSection",
					"origin": [9, -4, 8],
					"children": [0, 1, 2, 3, 4, 5, 6, 7]
				},
				{
					"name": "Base",
					"origin": [9, -4, 8],
					"children": [8, 9, 10, 11]
				}
			]
		}, 12]
}