{
	"credit": "Made with Blockbench",
	"parent": "block/block",
	"textures": {
		"3": "create:block/brass_funnel_back",
		"5": "create:block/brass_funnel_tall",
		"6": "create:block/brass_funnel",
		"7": "create:block/brass_funnel_plating",
		"2_2": "create:block/brass_funnel_pull",
		"particle": "create:block/brass_block"
	},
	"elements": [
		{
			"name": "LeftWall",
			"from": [14, -2, 6],
			"to": [16.05, 1, 12],
			"rotation": {"angle": -22.5, "axis": "x", "origin": [8, 15, 12]},
			"faces": {
				"north": {"uv": [0, 8, 1, 9.5], "texture": "#7"},
				"east": {"uv": [13, 0, 16, 6], "rotation": 90, "texture": "#2_2"},
				"south": {"uv": [15, 8, 16, 9.5], "texture": "#7"},
				"west": {"uv": [13, 0, 16, 6], "rotation": 90, "texture": "#2_2"},
				"down": {"uv": [14, 0, 16, 6], "texture": "#2_2"}
			}
		},
		{
			"name": "LeftWall",
			"from": [-0.05, -2, 6],
			"to": [2, 1, 12],
			"rotation": {"angle": -22.5, "axis": "x", "origin": [8, 15, 12]},
			"faces": {
				"north": {"uv": [7, 8, 8, 9.5], "texture": "#7"},
				"east": {"uv": [13, 6, 16, 0], "rotation": 90, "texture": "#2_2"},
				"south": {"uv": [8, 7.5, 9, 9], "texture": "#7"},
				"west": {"uv": [13, 6, 16, 0], "rotation": 90, "texture": "#2_2"},
				"down": {"uv": [0, 0, 2, 6], "texture": "#2_2"}
			}
		},
		{
			"name": "LeftWall",
			"from": [14, 1, 6],
			"to": [16.05, 17, 12],
			"rotation": {"angle": -22.5, "axis": "x", "origin": [8, 15, 12]},
			"faces": {
				"north": {"uv": [0, 0, 1, 8], "texture": "#7"},
				"east": {"uv": [0, 6, 16, 12], "rotation": 90, "texture": "#2_2"},
				"south": {"uv": [15, 0, 16, 8], "texture": "#7"},
				"west": {"uv": [0, 12, 16, 6], "rotation": 90, "texture": "#2_2"},
				"up": {"uv": [14, 0, 16, 6], "texture": "#2_2"}
			}
		},
		{
			"name": "LeftWall",
			"from": [-0.05, 1, 6],
			"to": [2, 17, 12],
			"rotation": {"angle": -22.5, "axis": "x", "origin": [8, 15, 12]},
			"faces": {
				"north": {"uv": [7, 0, 8, 8], "texture": "#7"},
				"east": {"uv": [0, 6, 16, 12], "rotation": 90, "texture": "#2_2"},
				"south": {"uv": [8, 0, 9, 8], "texture": "#7"},
				"west": {"uv": [0, 12, 16, 6], "rotation": 90, "texture": "#2_2"},
				"up": {"uv": [16, 0, 14, 6], "texture": "#2_2"}
			}
		},
		{
			"name": "Top",
			"from": [2, 11, 6],
			"to": [14, 17, 12],
			"rotation": {"angle": -22.5, "axis": "x", "origin": [8, 15, 12]},
			"faces": {
				"north": {"uv": [1, 0, 7, 3], "texture": "#7"},
				"south": {"uv": [9, 0, 15, 3], "texture": "#7"},
				"up": {"uv": [2, 0, 14, 6], "texture": "#2_2"},
				"down": {"uv": [2, 0, 14, 6], "rotation": 180, "texture": "#2_2"}
			}
		},
		{
			"name": "Back",
			"from": [2.1, -2.1, 14],
			"to": [13.9, 13.95, 18.1],
			"rotation": {"angle": 0, "axis": "y", "origin": [8, -8.1, 6]},
			"faces": {
				"north": {"uv": [0, 6, 6, 14], "texture": "#3"},
				"east": {"uv": [0, 0, 16, 4], "rotation": 90, "texture": "#5"},
				"south": {"uv": [9, 1, 15, 9], "texture": "#7"},
				"west": {"uv": [0, 0, 16, 4], "rotation": 270, "texture": "#5"},
				"up": {"uv": [0, 0, 12, 4], "texture": "#6"},
				"down": {"uv": [0, 0, 12, 4], "rotation": 180, "texture": "#6"}
			}
		},
		{
			"name": "Back",
			"from": [2.1, 2.9, 11.9],
			"to": [13.9, 13.95, 14],
			"rotation": {"angle": 0, "axis": "y", "origin": [8, -8.1, 22]},
			"faces": {
				"east": {"uv": [5, 1, 16, 3], "rotation": 270, "texture": "#5"},
				"west": {"uv": [5, 3, 16, 1], "rotation": 270, "texture": "#5"},
				"up": {"uv": [0, 3, 12, 1], "texture": "#6"}
			}
		},
		{
			"name": "RearBackPlate",
			"from": [0.05, -5, 13],
			"to": [15.95, -2, 15.95],
			"rotation": {"angle": 0, "axis": "y", "origin": [7, -8, 8]},
			"faces": {
				"north": {"uv": [0, 13, 8, 14.5], "texture": "#7"},
				"east": {"uv": [6.5, 14.5, 8, 16], "texture": "#7"},
				"south": {"uv": [0, 13, 8, 14.5], "texture": "#7"},
				"west": {"uv": [0, 14.5, 1.5, 16], "texture": "#7"},
				"up": {"uv": [0, 13, 8, 14.5], "texture": "#7"},
				"down": {"uv": [0, 13, 8, 14.5], "texture": "#7"}
			}
		},
		{
			"name": "RearBackPlate",
			"from": [2, 9.9, 9],
			"to": [14, 11.9, 16],
			"rotation": {"angle": 0, "axis": "y", "origin": [7, 6.9, 8]},
			"faces": {
				"down": {"uv": [2, 6, 14, 13], "texture": "#2_2"}
			}
		},
		{
			"from": [1, 8, 11],
			"to": [15, 15, 14],
			"rotation": {"angle": 0, "axis": "y", "origin": [9, 6, 21]},
			"faces": {
				"east": {"uv": [1, 6.5, 4.5, 8], "rotation": 90, "texture": "#3"},
				"south": {"uv": [8, 0, 11.5, 6], "rotation": 90, "texture": "#3"},
				"west": {"uv": [1, 6, 4.5, 7.5], "rotation": 90, "texture": "#3"},
				"up": {"uv": [6.5, 0, 8, 6], "rotation": 90, "texture": "#3"}
			}
		}
	],
	"groups": [
		{
			"name": "block_retracted",
			"origin": [8, 8, 8],
			"children": [
				{
					"name": "BeltFunnel",
					"origin": [9, -4, 8],
					"children": [
						{
							"name": "FrontSection",
							"origin": [9, -4, 8],
							"children": [0, 1, 2, 3, 4]
						},
						{
							"name": "Base",
							"origin": [9, -4, 8],
							"children": [5, 6, 7, 8]
						}
					]
				}, 9]
		}
	]
}