{
	"credit": "Made with Blockbench",
	"parent": "block/block",
	"textures": {
		"2": "create:block/brass_funnel_neutral",
		"3": "create:block/brass_funnel_back",
		"5": "create:block/brass_funnel_tall",
		"6": "create:block/brass_funnel",
		"7": "create:block/brass_funnel_plating",
		"particle": "create:block/brass_block"
	},
	"elements": [
		{
			"name": "LeftWall",
			"from": [14, -3, 5],
			"to": [16, 0, 11],
			"rotation": {"angle": 0, "axis": "y", "origin": [8, -8, 5]},
			"faces": {
				"north": {"uv": [8, 8, 9, 9.5], "texture": "#7"},
				"east": {"uv": [13, 0, 16, 6], "rotation": 90, "texture": "#2"},
				"south": {"uv": [15, 8, 16, 9.5], "texture": "#7"}
			}
		},
		{
			"name": "LeftWall",
			"from": [0, -3, 5],
			"to": [2, 0, 11],
			"rotation": {"angle": 0, "axis": "y", "origin": [8, -8, 5]},
			"faces": {
				"north": {"uv": [15, 8, 16, 9.5], "texture": "#7"},
				"south": {"uv": [8, 7.5, 9, 9], "texture": "#7"},
				"west": {"uv": [13, 6, 16, 0], "rotation": 90, "texture": "#2"}
			}
		},
		{
			"name": "LeftWall",
			"from": [0, 0, 5],
			"to": [16, 16, 11],
			"rotation": {"angle": 0, "axis": "y", "origin": [8, -8, 5]},
			"faces": {
				"north": {"uv": [8, 0, 16, 8], "texture": "#7"},
				"east": {"uv": [0, 6, 16, 12], "rotation": 90, "texture": "#2"},
				"south": {"uv": [8, 0, 16, 8], "texture": "#7"},
				"west": {"uv": [0, 12, 16, 6], "rotation": 90, "texture": "#2"},
				"up": {"uv": [0, 0, 8, 3], "texture": "#7"}
			}
		},
		{
			"name": "LeftBottom",
			"from": [15, -5, 5],
			"to": [16, -3, 11],
			"rotation": {"angle": 0, "axis": "y", "origin": [8, -8, 5]},
			"faces": {
				"east": {"uv": [5, 15, 8, 16], "texture": "#7"},
				"west": {"uv": [5, 15, 8, 16], "texture": "#7"},
				"down": {"uv": [0, 0, 1, 6], "texture": "#particle"}
			}
		},
		{
			"name": "LeftBottom",
			"from": [0, -5, 5],
			"to": [1, -3, 11],
			"rotation": {"angle": 0, "axis": "y", "origin": [8, -8, 5]},
			"faces": {
				"east": {"uv": [8, 15, 5, 16], "texture": "#7"},
				"west": {"uv": [8, 15, 5, 16], "texture": "#7"},
				"down": {"uv": [1, 0, 0, 6], "texture": "#particle"}
			}
		},
		{
			"name": "LeftBottom",
			"from": [15, -5, 11],
			"to": [16, -2, 16],
			"rotation": {"angle": 0, "axis": "y", "origin": [8, -8, 11]},
			"faces": {
				"east": {"uv": [5, 14.5, 7.5, 16], "texture": "#7"},
				"south": {"uv": [7.5, 13, 8, 14.5], "texture": "#7"},
				"west": {"uv": [5.5, 14.5, 8, 16], "texture": "#7"},
				"up": {"uv": [0, 0, 1, 5], "texture": "#particle"},
				"down": {"uv": [0, 0, 1, 5], "texture": "#particle"}
			}
		},
		{
			"name": "LeftBottom",
			"from": [0, -5, 11],
			"to": [1, -2, 16],
			"rotation": {"angle": 0, "axis": "y", "origin": [8, -8, 11]},
			"faces": {
				"east": {"uv": [8, 14.5, 5.5, 16], "texture": "#7"},
				"south": {"uv": [8, 13, 7.5, 14.5], "texture": "#7"},
				"west": {"uv": [7.5, 14.5, 5, 16], "texture": "#7"},
				"up": {"uv": [1, 0, 0, 5], "texture": "#particle"},
				"down": {"uv": [1, 0, 0, 5], "texture": "#particle"}
			}
		},
		{
			"name": "LeftBottom",
			"from": [15, -5, 0],
			"to": [16, -2, 5],
			"rotation": {"angle": 0, "axis": "y", "origin": [8, -8, 5]},
			"faces": {
				"north": {"uv": [8, 13, 7.5, 14.5], "texture": "#7"},
				"east": {"uv": [7.5, 14.5, 5, 16], "texture": "#7"},
				"west": {"uv": [8, 14.5, 5.5, 16], "texture": "#7"},
				"up": {"uv": [0, 5, 1, 0], "texture": "#particle"},
				"down": {"uv": [0, 5, 1, 0], "texture": "#particle"}
			}
		},
		{
			"name": "LeftBottom",
			"from": [0, -5, 0],
			"to": [1, -2, 5],
			"rotation": {"angle": 0, "axis": "y", "origin": [8, -8, 5]},
			"faces": {
				"north": {"uv": [7.5, 13, 8, 14.5], "texture": "#7"},
				"east": {"uv": [5.5, 14.5, 8, 16], "texture": "#7"},
				"west": {"uv": [5, 14.5, 7.5, 16], "texture": "#7"},
				"up": {"uv": [1, 5, 0, 0], "texture": "#particle"},
				"down": {"uv": [1, 5, 0, 0], "texture": "#particle"}
			}
		},
		{
			"name": "BackExtension",
			"from": [3, -2, 10],
			"to": [13, 13, 14],
			"rotation": {"angle": 0, "axis": "y", "origin": [8, -8, 6]},
			"faces": {
				"east": {"uv": [9, 6, 16, 8], "rotation": 90, "texture": "#3"},
				"west": {"uv": [9, 6, 16, 8], "rotation": 270, "texture": "#3"},
				"up": {"uv": [9.5, 2, 14.5, 4], "texture": "#3"}
			}
		},
		{
			"name": "BackExtension",
			"from": [3, -2, 2],
			"to": [13, 13, 6],
			"rotation": {"angle": 0, "axis": "y", "origin": [8, -8, 10]},
			"faces": {
				"east": {"uv": [9, 8, 16, 6], "rotation": 90, "texture": "#3"},
				"west": {"uv": [9, 8, 16, 6], "rotation": 270, "texture": "#3"},
				"up": {"uv": [9.5, 4, 14.5, 2], "texture": "#3"}
			}
		},
		{
			"name": "MidExtension",
			"from": [2, -2, 8],
			"to": [14, 14, 12],
			"rotation": {"angle": 0, "axis": "y", "origin": [8, -8, 8]},
			"faces": {
				"east": {"uv": [1, 6, 9, 8], "rotation": 90, "texture": "#3"},
				"south": {"uv": [8, 0, 16, 6], "rotation": 270, "texture": "#3"},
				"west": {"uv": [1, 8, 9, 6], "rotation": 90, "texture": "#3"},
				"up": {"uv": [6, 0, 8, 6], "rotation": 90, "texture": "#3"}
			}
		},
		{
			"name": "MidExtension",
			"from": [2, -2, 4],
			"to": [14, 14, 8],
			"rotation": {"angle": 0, "axis": "y", "origin": [8, -8, 8]},
			"faces": {
				"north": {"uv": [8, 6, 16, 0], "rotation": 270, "texture": "#3"},
				"east": {"uv": [1, 8, 9, 6], "rotation": 90, "texture": "#3"},
				"west": {"uv": [1, 6, 9, 8], "rotation": 90, "texture": "#3"},
				"up": {"uv": [8, 0, 6, 6], "rotation": 90, "texture": "#3"}
			}
		},
		{
			"name": "Back",
			"from": [2.1, -2.1, -2.1],
			"to": [13.9, 13.95, 2],
			"rotation": {"angle": 0, "axis": "y", "origin": [8, -8, 10]},
			"faces": {
				"north": {"uv": [15, 1, 9, 9], "texture": "#7"},
				"east": {"uv": [0, 4, 16, 0], "rotation": 90, "texture": "#5"},
				"south": {"uv": [0, 16, 16, 4], "rotation": 90, "texture": "#5"},
				"west": {"uv": [0, 4, 16, 0], "rotation": 270, "texture": "#5"},
				"up": {"uv": [0, 4, 12, 0], "texture": "#6"},
				"down": {"uv": [0, 4, 12, 0], "rotation": 180, "texture": "#6"}
			}
		},
		{
			"name": "Back",
			"from": [2.1, -2.1, 14],
			"to": [13.9, 13.95, 18.1],
			"rotation": {"angle": 0, "axis": "y", "origin": [8, -8, 6]},
			"faces": {
				"north": {"uv": [0, 4, 16, 16], "rotation": 90, "texture": "#5"},
				"east": {"uv": [0, 0, 16, 4], "rotation": 90, "texture": "#5"},
				"south": {"uv": [9, 1, 15, 9], "texture": "#7"},
				"west": {"uv": [0, 0, 16, 4], "rotation": 270, "texture": "#5"},
				"up": {"uv": [0, 0, 12, 4], "texture": "#6"},
				"down": {"uv": [0, 0, 12, 4], "rotation": 180, "texture": "#6"}
			}
		},
		{
			"name": "RearBackPlate",
			"from": [1, -5, 0],
			"to": [15, -2, 16],
			"rotation": {"angle": 0, "axis": "y", "origin": [7, -8, 8]},
			"faces": {
				"north": {"uv": [0.5, 13, 7.5, 14.5], "texture": "#7"},
				"south": {"uv": [0.5, 13, 7.5, 14.5], "texture": "#7"},
				"up": {"uv": [1, 0, 15, 16], "texture": "#particle"},
				"down": {"uv": [1, 0, 15, 16], "texture": "#particle"}
			}
		}
	],
	"groups": [
		{
			"name": "BeltFunnel",
			"origin": [9, -4, 8],
			"children": [
				{
					"name": "FrontSection",
					"origin": [9, -4, 8],
					"children": [0, 1, 2, 3, 4, 5, 6, 7, 8]
				},
				{
					"name": "Extension",
					"origin": [9, -4, 8],
					"children": [9, 10, 11, 12]
				},
				{
					"name": "Base",
					"origin": [9, -4, 8],
					"children": [13, 14, 15]
				}
			]
		}
	]
}