{
	"credit": "Made with Blockbench",
	"parent": "block/block",
	"textures": {
		"1": "create:block/brass_tunnel_top",
		"2": "create:block/brass_tunnel",
		"particle": "create:block/brass_block"
	},
	"elements": [
		{
			"name": "LeftWall",
			"from": [0, -3, 0],
			"to": [16, 16, 2],
			"rotation": {"angle": 0, "axis": "y", "origin": [-9, -24, 8]},
			"faces": {
				"north": {"uv": [0, 0, 8, 9.5], "texture": "#2"},
				"east": {"uv": [0, 10.5, 9.5, 11.5], "rotation": 90, "texture": "#2"},
				"south": {"uv": [0, 0, 8, 9.5], "texture": "#2"},
				"west": {"uv": [0, 9.5, 9.5, 10.5], "rotation": 90, "texture": "#2"},
				"up": {"uv": [0, 14, 16, 16], "rotation": 180, "texture": "#1"}
			}
		},
		{
			"name": "TopPiece",
			"from": [2, 14, 2],
			"to": [14, 16, 14],
			"rotation": {"angle": 0, "axis": "y", "origin": [7, -24, 8]},
			"faces": {
				"up": {"uv": [2, 2, 14, 14], "rotation": 180, "texture": "#1"},
				"down": {"uv": [2, 2, 14, 14], "rotation": 270, "texture": "#1"}
			}
		},
		{
			"name": "RightWall",
			"from": [0, -3, 14],
			"to": [16, 16, 16],
			"rotation": {"angle": 0, "axis": "y", "origin": [-8, -24, 8]},
			"faces": {
				"north": {"uv": [0, 0, 8, 9.5], "texture": "#2"},
				"east": {"uv": [0, 9.5, 9.5, 10.5], "rotation": 90, "texture": "#2"},
				"south": {"uv": [0, 0, 8, 9], "texture": "#2"},
				"west": {"uv": [0, 10.5, 9.5, 11.5], "rotation": 90, "texture": "#2"},
				"up": {"uv": [0, 0, 16, 2], "rotation": 180, "texture": "#1"}
			}
		},
		{
			"name": "LeftRail",
			"from": [0, -5, 0],
			"to": [16, -3, 1],
			"rotation": {"angle": 0, "axis": "y", "origin": [-8, -24, 8]},
			"faces": {
				"north": {"uv": [0, 11.5, 8, 12.5], "texture": "#2"},
				"east": {"uv": [7.5, 12.5, 8, 13.5], "texture": "#2"},
				"south": {"uv": [0, 11.5, 8, 12.5], "texture": "#2"},
				"west": {"uv": [0, 12.5, 0.5, 13.5], "texture": "#2"}
			}
		},
		{
			"name": "RightRail",
			"from": [0, -5, 15],
			"to": [16, -3, 16],
			"rotation": {"angle": 0, "axis": "y", "origin": [-8, -24, 23]},
			"faces": {
				"north": {"uv": [0, 11.5, 8, 12.5], "texture": "#2"},
				"east": {"uv": [0, 12.5, 0.5, 13.5], "texture": "#2"},
				"south": {"uv": [0, 11.5, 8, 12.5], "texture": "#2"},
				"west": {"uv": [7.5, 12.5, 8, 13.5], "texture": "#2"}
			}
		},
		{
			"name": "FrontTop",
			"from": [0, 10, 2],
			"to": [2, 16, 14],
			"rotation": {"angle": 0, "axis": "y", "origin": [8, -8, 8]},
			"faces": {
				"east": {"uv": [0, 13, 6, 16], "texture": "#2"},
				"west": {"uv": [10, 9.5, 16, 12.5], "texture": "#2"},
				"up": {"uv": [14, 2, 16, 14], "rotation": 180, "texture": "#1"},
				"down": {"uv": [10, 13.5, 16, 14.5], "rotation": 270, "texture": "#2"}
			}
		},
		{
			"name": "BackTop",
			"from": [14, 10, 2],
			"to": [16, 16, 14],
			"rotation": {"angle": 0, "axis": "y", "origin": [-8, -8, 8]},
			"faces": {
				"east": {"uv": [10, 9.5, 16, 12.5], "texture": "#2"},
				"west": {"uv": [0, 13, 6, 16], "texture": "#2"},
				"up": {"uv": [0, 2, 2, 14], "rotation": 180, "texture": "#1"},
				"down": {"uv": [10, 13.5, 16, 14.5], "rotation": 270, "texture": "#2"}
			}
		},
		{
			"name": "F1",
			"from": [0.5, -2.5, 2],
			"to": [1.5, 10.5, 5],
			"rotation": {"angle": 0, "axis": "y", "origin": [-38.5, -5.5, 2]},
			"faces": {
				"north": {"uv": [9.5, 15.5, 16, 16], "rotation": 90, "texture": "#2"},
				"east": {"uv": [9.5, 14.5, 16, 16], "rotation": 270, "texture": "#2"},
				"south": {"uv": [9.5, 14.5, 16, 15], "rotation": 90, "texture": "#2"},
				"west": {"uv": [9.5, 14.5, 16, 16], "rotation": 90, "texture": "#2"},
				"up": {"uv": [15.5, 14.5, 16, 16], "rotation": 180, "texture": "#2"},
				"down": {"uv": [15.5, 14.5, 16, 16], "texture": "#2"}
			}
		},
		{
			"name": "F2",
			"from": [0.5, -2.5, 5],
			"to": [1.5, 10.5, 8],
			"rotation": {"angle": 0, "axis": "y", "origin": [-38.5, -5.5, 5]},
			"faces": {
				"north": {"uv": [9.5, 15.5, 16, 16], "rotation": 90, "texture": "#2"},
				"east": {"uv": [9.5, 14.5, 16, 16], "rotation": 270, "texture": "#2"},
				"south": {"uv": [9.5, 14.5, 16, 15], "rotation": 90, "texture": "#2"},
				"west": {"uv": [9.5, 14.5, 16, 16], "rotation": 90, "texture": "#2"},
				"up": {"uv": [15.5, 14.5, 16, 16], "rotation": 180, "texture": "#2"},
				"down": {"uv": [15.5, 14.5, 16, 16], "texture": "#2"}
			}
		},
		{
			"name": "F3",
			"from": [0.5, -2.5, 8],
			"to": [1.5, 10.5, 11],
			"rotation": {"angle": 0, "axis": "y", "origin": [-38.5, -5.5, 8]},
			"faces": {
				"north": {"uv": [9.5, 15.5, 16, 16], "rotation": 90, "texture": "#2"},
				"east": {"uv": [9.5, 14.5, 16, 16], "rotation": 270, "texture": "#2"},
				"south": {"uv": [9.5, 14.5, 16, 15], "rotation": 90, "texture": "#2"},
				"west": {"uv": [9.5, 14.5, 16, 16], "rotation": 90, "texture": "#2"},
				"up": {"uv": [15.5, 14.5, 16, 16], "rotation": 180, "texture": "#2"},
				"down": {"uv": [15.5, 14.5, 16, 16], "texture": "#2"}
			}
		},
		{
			"name": "F4",
			"from": [0.5, -2.5, 11],
			"to": [1.5, 10.5, 14],
			"rotation": {"angle": 0, "axis": "y", "origin": [-38.5, -5.5, 11]},
			"faces": {
				"north": {"uv": [9.5, 15.5, 16, 16], "rotation": 90, "texture": "#2"},
				"east": {"uv": [9.5, 14.5, 16, 16], "rotation": 270, "texture": "#2"},
				"south": {"uv": [9.5, 14.5, 16, 15], "rotation": 90, "texture": "#2"},
				"west": {"uv": [9.5, 14.5, 16, 16], "rotation": 90, "texture": "#2"},
				"up": {"uv": [15.5, 14.5, 16, 16], "rotation": 180, "texture": "#2"},
				"down": {"uv": [15.5, 14.5, 16, 16], "texture": "#2"}
			}
		},
		{
			"name": "F5",
			"from": [14.5, -2.5, 11],
			"to": [15.5, 10.5, 14],
			"rotation": {"angle": 0, "axis": "y", "origin": [-24.5, -5.5, 11]},
			"faces": {
				"north": {"uv": [9.5, 15.5, 16, 16], "rotation": 90, "texture": "#2"},
				"east": {"uv": [9.5, 14.5, 16, 16], "rotation": 270, "texture": "#2"},
				"south": {"uv": [9.5, 14.5, 16, 15], "rotation": 90, "texture": "#2"},
				"west": {"uv": [9.5, 14.5, 16, 16], "rotation": 90, "texture": "#2"},
				"up": {"uv": [15.5, 14.5, 16, 16], "rotation": 180, "texture": "#2"},
				"down": {"uv": [15.5, 14.5, 16, 16], "texture": "#2"}
			}
		},
		{
			"name": "F6",
			"from": [14.5, -2.5, 8],
			"to": [15.5, 10.5, 11],
			"rotation": {"angle": 0, "axis": "y", "origin": [-24.5, -5.5, 8]},
			"faces": {
				"north": {"uv": [9.5, 15.5, 16, 16], "rotation": 90, "texture": "#2"},
				"east": {"uv": [9.5, 14.5, 16, 16], "rotation": 270, "texture": "#2"},
				"south": {"uv": [9.5, 14.5, 16, 15], "rotation": 90, "texture": "#2"},
				"west": {"uv": [9.5, 14.5, 16, 16], "rotation": 90, "texture": "#2"},
				"up": {"uv": [15.5, 14.5, 16, 16], "rotation": 180, "texture": "#2"},
				"down": {"uv": [15.5, 14.5, 16, 16], "texture": "#2"}
			}
		},
		{
			"name": "F7",
			"from": [14.5, -2.5, 5],
			"to": [15.5, 10.5, 8],
			"rotation": {"angle": 0, "axis": "y", "origin": [-24.5, -5.5, 5]},
			"faces": {
				"north": {"uv": [9.5, 15.5, 16, 16], "rotation": 90, "texture": "#2"},
				"east": {"uv": [9.5, 14.5, 16, 16], "rotation": 270, "texture": "#2"},
				"south": {"uv": [9.5, 14.5, 16, 15], "rotation": 90, "texture": "#2"},
				"west": {"uv": [9.5, 14.5, 16, 16], "rotation": 90, "texture": "#2"},
				"up": {"uv": [15.5, 14.5, 16, 16], "rotation": 180, "texture": "#2"},
				"down": {"uv": [15.5, 14.5, 16, 16], "texture": "#2"}
			}
		},
		{
			"name": "F8",
			"from": [14.5, -2.5, 2],
			"to": [15.5, 10.5, 5],
			"rotation": {"angle": 0, "axis": "y", "origin": [-24.5, -5.5, 2]},
			"faces": {
				"north": {"uv": [9.5, 15.5, 16, 16], "rotation": 90, "texture": "#2"},
				"east": {"uv": [9.5, 14.5, 16, 16], "rotation": 270, "texture": "#2"},
				"south": {"uv": [9.5, 14.5, 16, 15], "rotation": 90, "texture": "#2"},
				"west": {"uv": [9.5, 14.5, 16, 16], "rotation": 90, "texture": "#2"},
				"up": {"uv": [15.5, 14.5, 16, 16], "rotation": 180, "texture": "#2"},
				"down": {"uv": [15.5, 14.5, 16, 16], "texture": "#2"}
			}
		}
	],
	"display": {
		"thirdperson_righthand": {
			"rotation": [75, 45, 0],
			"translation": [0, 2.5, 0],
			"scale": [0.375, 0.375, 0.375]
		},
		"thirdperson_lefthand": {
			"rotation": [75, 45, 0],
			"translation": [0, 2.5, 0],
			"scale": [0.375, 0.375, 0.375]
		},
		"firstperson_righthand": {
			"rotation": [0, 45, 0],
			"scale": [0.4, 0.4, 0.4]
		},
		"firstperson_lefthand": {
			"rotation": [0, 225, 0],
			"scale": [0.4, 0.4, 0.4]
		},
		"ground": {
			"translation": [0, 3.25, 0],
			"scale": [0.25, 0.25, 0.25]
		},
		"gui": {
			"rotation": [30, 135, 0],
			"translation": [0, 1, 0],
			"scale": [0.5, 0.5, 0.5]
		},
		"head": {
			"rotation": [0, 90, 0]
		},
		"fixed": {
			"rotation": [0, 90, 0],
			"translation": [0, 1.5, 0],
			"scale": [0.5, 0.5, 0.5]
		}
	},
	"groups": [
		{
			"name": "Cover",
			"origin": [8, 8, 8],
			"children": [0, 1, 2, 3, 4, 5, 6]
		},
		{
			"name": "Flap",
			"origin": [8, 8, 8],
			"children": [7, 8, 9, 10, 11, 12, 13, 14]
		}
	]
}