{
	"credit": "Made with Blockbench",
	"parent": "block/block",
	"textures": {
		"3": "create:block/brass_casing_belt",
		"5": "create:block/mechanical_arm",
		"6": "create:block/crafter_top",
		"7": "create:block/brass_block",
		"particle": "create:block/crafter_top"
	},
	"elements": [
		{
			"name": "Base",
			"from": [3, -6, 3],
			"to": [13, -2, 13],
			"rotation": {"angle": 0, "axis": "y", "origin": [8, 2, 5]},
			"faces": {
				"north": {"uv": [5, 9.5, 7, 14.5], "rotation": 270, "texture": "#5"},
				"east": {"uv": [5, 9.5, 7, 14.5], "rotation": 270, "texture": "#5"},
				"south": {"uv": [5, 9.5, 7, 14.5], "rotation": 270, "texture": "#5"},
				"west": {"uv": [5, 9.5, 7, 14.5], "rotation": 270, "texture": "#5"},
				"up": {"uv": [0, 9.5, 5, 14.5], "texture": "#5"},
				"down": {"uv": [0, 9.5, 5, 14.5], "texture": "#5"}
			}
		},
		{
			"name": "LowerBody",
			"from": [6, -4, 3.5],
			"to": [10, 10, 6.5],
			"rotation": {"angle": 45, "axis": "x", "origin": [8, -4, 5]},
			"faces": {
				"north": {"uv": [9, 14, 16, 16], "rotation": 90, "texture": "#5"},
				"east": {"uv": [9, 4, 10.5, 11], "texture": "#5"},
				"south": {"uv": [9, 14, 16, 16], "rotation": 90, "texture": "#5"},
				"west": {"uv": [9, 4, 10.5, 11], "texture": "#5"},
				"up": {"uv": [14.5, 9, 16, 11], "rotation": 90, "texture": "#5"},
				"down": {"uv": [14.5, 9, 16, 11], "rotation": 90, "texture": "#5"}
			}
		},
		{
			"name": "ConnectorMid",
			"from": [7, 10, 4],
			"to": [9, 14, 6],
			"rotation": {"angle": 45, "axis": "x", "origin": [8, -4, 5]},
			"faces": {
				"north": {"uv": [15, 0, 16, 2], "texture": "#5"},
				"east": {"uv": [15, 0, 16, 2], "texture": "#5"},
				"south": {"uv": [15, 0, 16, 2], "texture": "#5"},
				"west": {"uv": [15, 0, 16, 2], "texture": "#5"},
				"up": {"uv": [15, 0, 16, 1], "texture": "#5"},
				"down": {"uv": [15, 0, 16, 2], "texture": "#5"}
			}
		},
		{
			"name": "ConnectorR",
			"from": [5, 7.02944, 12],
			"to": [7, 9.02944, 18],
			"rotation": {"angle": 22.5, "axis": "x", "origin": [8, 8, 17]},
			"faces": {
				"east": {"uv": [15, 0, 16, 3], "rotation": 90, "texture": "#5"},
				"south": {"uv": [15, 0, 16, 1], "rotation": 90, "texture": "#5"},
				"west": {"uv": [15, 0, 16, 3], "rotation": 90, "texture": "#5"},
				"up": {"uv": [15, 0, 16, 3], "texture": "#5"},
				"down": {"uv": [15, 0, 16, 3], "rotation": 180, "texture": "#5"}
			}
		},
		{
			"name": "ConnectorR",
			"from": [9, 7.02944, 12],
			"to": [11, 9.02944, 18],
			"rotation": {"angle": 22.5, "axis": "x", "origin": [8, 8, 17]},
			"faces": {
				"east": {"uv": [15, 0, 16, 3], "rotation": 90, "texture": "#5"},
				"south": {"uv": [15, 0, 16, 1], "rotation": 90, "texture": "#5"},
				"west": {"uv": [15, 0, 16, 3], "rotation": 90, "texture": "#5"},
				"up": {"uv": [15, 0, 16, 3], "texture": "#5"},
				"down": {"uv": [15, 0, 16, 3], "rotation": 180, "texture": "#5"}
			}
		},
		{
			"name": "UpperBody",
			"from": [4.5, 6.02944, 2],
			"to": [11.5, 10.02944, 13],
			"rotation": {"angle": 22.5, "axis": "x", "origin": [8, 8, 17]},
			"faces": {
				"north": {"uv": [11, 9, 14.5, 11], "texture": "#5"},
				"east": {"uv": [14, 3.5, 16, 9], "rotation": 270, "texture": "#5"},
				"south": {"uv": [11, 9, 14.5, 11], "texture": "#5"},
				"west": {"uv": [14, 3.5, 16, 9], "rotation": 270, "texture": "#5"},
				"up": {"uv": [10.5, 3.5, 14, 9], "texture": "#5"},
				"down": {"uv": [10.5, 3.5, 14, 9], "texture": "#5"}
			}
		},
		{
			"name": "Head",
			"from": [4, 11.59915, 0.63821],
			"to": [12, 15.59915, 4.63821],
			"rotation": {"angle": -22.5, "axis": "x", "origin": [8, 14, 3]},
			"faces": {
				"north": {"uv": [7, 9.5, 9, 13.5], "rotation": 90, "texture": "#5"},
				"east": {"uv": [7, 13.5, 9, 15.5], "texture": "#5"},
				"south": {"uv": [7, 9.5, 9, 13.5], "rotation": 90, "texture": "#5"},
				"west": {"uv": [7, 13.5, 9, 15.5], "texture": "#5"},
				"up": {"uv": [7, 9.5, 9, 13.5], "rotation": 90, "texture": "#5"},
				"down": {"uv": [7, 9.5, 9, 13.5], "rotation": 270, "texture": "#5"}
			}
		},
		{
			"name": "Base",
			"from": [0, -16, 0],
			"to": [16, -10, 16],
			"rotation": {"angle": 0, "axis": "y", "origin": [8, -8, 8]},
			"faces": {
				"north": {"uv": [8, 12.5, 16, 15.5], "texture": "#3"},
				"east": {"uv": [8, 12.5, 16, 15.5], "texture": "#3"},
				"south": {"uv": [8, 12.5, 16, 15.5], "texture": "#3"},
				"west": {"uv": [8, 12.5, 16, 15.5], "texture": "#3"},
				"up": {"uv": [0, 0, 16, 16], "texture": "#7"},
				"down": {"uv": [0, 0, 16, 16], "texture": "#6"}
			}
		},
		{
			"name": "ClawBase",
			"from": [5, 10.59915, -2.36179],
			"to": [11, 16.59915, -0.36179],
			"rotation": {"angle": -22.5, "axis": "x", "origin": [8, 14, 3]},
			"faces": {
				"north": {"uv": [12, 0, 15, 3], "texture": "#5"},
				"east": {"uv": [12, 0, 13, 3], "texture": "#5"},
				"south": {"uv": [12, 0, 15, 3], "texture": "#5"},
				"west": {"uv": [14, 0, 15, 3], "texture": "#5"},
				"up": {"uv": [12, 0, 13, 3], "rotation": 90, "texture": "#5"},
				"down": {"uv": [12, 0, 15, 1], "texture": "#5"}
			}
		},
		{
			"name": "ClawTop",
			"from": [5.5, 5.96489, -2.07049],
			"to": [10.5, 10.96489, -0.07049],
			"rotation": {"angle": 45, "axis": "x", "origin": [8, 14, 3]},
			"faces": {
				"north": {"uv": [9.5, 0, 12, 2.5], "texture": "#5"},
				"east": {"uv": [9.5, 0, 12, 1], "rotation": 270, "texture": "#5"},
				"south": {"uv": [9.5, 0, 12, 2.5], "rotation": 180, "texture": "#5"},
				"west": {"uv": [9.5, 0, 12, 1], "rotation": 90, "texture": "#5"},
				"up": {"uv": [9.5, 0, 12, 1], "rotation": 180, "texture": "#5"},
				"down": {"uv": [9.5, 1.5, 12, 2.5], "texture": "#5"}
			}
		},
		{
			"name": "ClawBottom",
			"from": [5.5, 8.18885, -4.72832],
			"to": [10.5, 10.18885, 0.27168],
			"rotation": {"angle": 0, "axis": "x", "origin": [8, 14, 3]},
			"faces": {
				"north": {"uv": [9.5, 0, 12, 1], "rotation": 180, "texture": "#5"},
				"east": {"uv": [9.5, 1.5, 12, 2.5], "rotation": 180, "texture": "#5"},
				"south": {"uv": [9.5, 1.5, 12, 2.5], "rotation": 180, "texture": "#5"},
				"west": {"uv": [9.5, 1.5, 12, 2.5], "rotation": 180, "texture": "#5"},
				"up": {"uv": [9.5, 0, 12, 2.5], "rotation": 180, "texture": "#5"},
				"down": {"uv": [9.5, 0, 12, 2.5], "rotation": 180, "texture": "#5"}
			}
		},
		{
			"name": "ClawConnector",
			"from": [6.5, 12.59915, -0.36179],
			"to": [9.5, 14.59915, 0.63821],
			"rotation": {"angle": -22.5, "axis": "x", "origin": [8, 14, 3]},
			"faces": {
				"east": {"uv": [10.5, 2.5, 11, 3.5], "texture": "#5"},
				"west": {"uv": [11.5, 2.5, 12, 3.5], "texture": "#5"},
				"up": {"uv": [10.5, 3, 12, 3.5], "rotation": 180, "texture": "#5"},
				"down": {"uv": [10.5, 2.5, 12, 3], "texture": "#5"}
			}
		},
		{
			"name": "GearCaseOuter",
			"from": [4, -10, 4],
			"to": [12, -6, 12],
			"rotation": {"angle": 0, "axis": "y", "origin": [8, -8, 8]},
			"faces": {
				"north": {"uv": [7.5, 0, 9.5, 4], "rotation": 90, "texture": "#5"},
				"east": {"uv": [7.5, 0, 9.5, 4], "rotation": 90, "texture": "#5"},
				"south": {"uv": [7.5, 0, 9.5, 4], "rotation": 90, "texture": "#5"},
				"west": {"uv": [7.5, 0, 9.5, 4], "rotation": 90, "texture": "#5"}
			}
		},
		{
			"name": "Gear5",
			"from": [6.5, -10, -1],
			"to": [9.5, -6, 17],
			"rotation": {"angle": 0, "axis": "y", "origin": [8, -10, 8]},
			"faces": {
				"north": {"uv": [7.5, 4, 9, 6], "texture": "#5"},
				"east": {"uv": [0, 7.5, 9, 9.5], "texture": "#5"},
				"south": {"uv": [7.5, 4, 9, 6], "texture": "#5"},
				"west": {"uv": [0, 7.5, 9, 9.5], "texture": "#5"},
				"up": {"uv": [0, 6, 9, 7.5], "rotation": 270, "texture": "#5"},
				"down": {"uv": [0, 6, 9, 7.5], "rotation": 270, "texture": "#5"}
			}
		},
		{
			"name": "Gear6",
			"from": [6.5, -10, -1],
			"to": [9.5, -6, 17],
			"rotation": {"angle": 45, "axis": "y", "origin": [8, -10, 8]},
			"faces": {
				"north": {"uv": [7.5, 4, 9, 6], "texture": "#5"},
				"east": {"uv": [0, 7.5, 9, 9.5], "texture": "#5"},
				"south": {"uv": [7.5, 4, 9, 6], "texture": "#5"},
				"west": {"uv": [0, 7.5, 9, 9.5], "texture": "#5"},
				"up": {"uv": [0, 6, 9, 7.5], "rotation": 270, "texture": "#5"},
				"down": {"uv": [0, 6, 9, 7.5], "rotation": 270, "texture": "#5"}
			}
		},
		{
			"name": "Gear7",
			"from": [-1, -10, 6.5],
			"to": [17, -6, 9.5],
			"rotation": {"angle": 45, "axis": "y", "origin": [8, -10, 8]},
			"faces": {
				"north": {"uv": [0, 7.5, 9, 9.5], "texture": "#5"},
				"east": {"uv": [7.5, 4, 9, 6], "texture": "#5"},
				"south": {"uv": [0, 7.5, 9, 9.5], "texture": "#5"},
				"west": {"uv": [7.5, 4, 9, 6], "texture": "#5"},
				"up": {"uv": [0, 6, 9, 7.5], "rotation": 180, "texture": "#5"},
				"down": {"uv": [0, 6, 9, 7.5], "rotation": 180, "texture": "#5"}
			}
		},
		{
			"name": "Gear7",
			"from": [-1, -10, 6.5],
			"to": [17, -6, 9.5],
			"rotation": {"angle": 0, "axis": "y", "origin": [8, -10, 8]},
			"faces": {
				"north": {"uv": [0, 7.5, 9, 9.5], "texture": "#5"},
				"east": {"uv": [7.5, 4, 9, 6], "texture": "#5"},
				"south": {"uv": [0, 7.5, 9, 9.5], "texture": "#5"},
				"west": {"uv": [7.5, 4, 9, 6], "texture": "#5"},
				"up": {"uv": [0, 6, 9, 7.5], "rotation": 180, "texture": "#5"},
				"down": {"uv": [0, 6, 9, 7.5], "rotation": 180, "texture": "#5"}
			}
		},
		{
			"name": "GearCaseInner",
			"from": [2, -9.5, 2],
			"to": [14, -6.5, 14],
			"rotation": {"angle": 0, "axis": "y", "origin": [8, -9.5, 8]},
			"faces": {
				"north": {"uv": [6, 0, 7.5, 6], "rotation": 90, "texture": "#5"},
				"east": {"uv": [6, 0, 7.5, 6], "rotation": 90, "texture": "#5"},
				"south": {"uv": [6, 0, 7.5, 6], "rotation": 90, "texture": "#5"},
				"west": {"uv": [6, 0, 7.5, 6], "rotation": 90, "texture": "#5"},
				"up": {"uv": [0, 0, 6, 6], "rotation": 180, "texture": "#5"},
				"down": {"uv": [0, 0, 6, 6], "rotation": 180, "texture": "#5"}
			}
		}
	],
	"display": {
		"thirdperson_righthand": {
			"rotation": [75, 45, 0],
			"translation": [0, 2.5, 6],
			"scale": [0.375, 0.375, 0.375]
		},
		"thirdperson_lefthand": {
			"rotation": [75, 45, 0],
			"translation": [0, 2.5, 6],
			"scale": [0.375, 0.375, 0.375]
		},
		"firstperson_righthand": {
			"rotation": [0, 45, 0],
			"translation": [0, 3.75, 0],
			"scale": [0.4, 0.4, 0.4]
		},
		"firstperson_lefthand": {
			"rotation": [0, 45, 0],
			"translation": [0, 3.75, 0],
			"scale": [0.4, 0.4, 0.4]
		},
		"ground": {
			"rotation": [0, 0, 90],
			"translation": [-1.75, -0.5, 0],
			"scale": [0.25, 0.25, 0.25]
		},
		"gui": {
			"rotation": [30, 135, 0],
			"translation": [0, 4.25, 0],
			"scale": [0.45, 0.45, 0.45]
		},
		"head": {
			"translation": [0, 24.75, 0]
		},
		"fixed": {
			"rotation": [0, 90, 0],
			"translation": [0, 2.25, -0.75],
			"scale": [0.45, 0.45, 0.45]
		}
	},
	"groups": [
		{
			"name": "inserter",
			"origin": [8, 8, 8],
			"children": [0, 1, 2, 3, 4, 5, 6, 7, 8, 9, 10, 11,
				{
					"name": "cogwheel",
					"origin": [8, 8, 8],
					"children": [12, 13, 14, 15, 16, 17]
				}
			]
		}
	]
}