{
	"credit": "Made with Blockbench",
	"parent": "block/block",
	"textures": {
		"5": "create:block/brass_casing_inner",
		"6": "create:block/brass_casing",
		"7": "create:block/filtered_detector_top",
		"indicator": "create:block/indicator/0",
		"particle": "create:block/brass_casing_side",
		"brass_casing": "create:block/brass_casing_side",
		"end": "create:block/filtered_detector_front"
	},
	"elements": [
		{
			"name": "Bottom Plate",
			"from": [0, 0, 0],
			"to": [16, 2, 16],
			"faces": {
				"north": {"uv": [0, 14, 16, 16], "texture": "#brass_casing"},
				"east": {"uv": [0, 14, 16, 16], "texture": "#brass_casing"},
				"south": {"uv": [0, 14, 16, 16], "texture": "#brass_casing"},
				"west": {"uv": [0, 14, 16, 16], "texture": "#brass_casing"},
				"up": {"uv": [0, 0, 16, 16], "rotation": 90, "texture": "#6"},
				"down": {"uv": [0, 0, 16, 16], "rotation": 270, "texture": "#6"}
			}
		},
		{
			"name": "Top Plate",
			"from": [0, 14, 0],
			"to": [16, 16, 16],
			"faces": {
				"north": {"uv": [0, 0, 16, 2], "texture": "#brass_casing"},
				"east": {"uv": [0, 0, 16, 2], "texture": "#brass_casing"},
				"south": {"uv": [0, 0, 16, 2], "texture": "#brass_casing"},
				"west": {"uv": [0, 0, 16, 2], "texture": "#brass_casing"},
				"up": {"uv": [0, 0, 16, 16], "rotation": 180, "texture": "#7"},
				"down": {"uv": [0, 0, 16, 16], "rotation": 270, "texture": "#6"}
			}
		},
		{
			"name": "Center",
			"from": [0.9, 2, 0.9],
			"to": [15.1, 14, 15.1],
			"faces": {
				"north": {"uv": [0, 1, 12, 15], "rotation": 90, "texture": "#5"},
				"east": {"uv": [0, 1, 12, 15], "rotation": 90, "texture": "#5"},
				"south": {"uv": [0, 1, 12, 15], "rotation": 90, "texture": "#5"},
				"west": {"uv": [0, 1, 12, 15], "rotation": 90, "texture": "#5"},
				"up": {"uv": [0, 0, 14, 14], "rotation": 90, "texture": "#5"},
				"down": {"uv": [0, 0, 14, 14], "rotation": 270, "texture": "#5"}
			}
		},
		{
			"name": "Indicator",
			"from": [3.1, 3.1, -1.9],
			"to": [12.9, 12.9, 1.1],
			"faces": {
				"north": {"uv": [0, 0, 10, 10], "texture": "#end"},
				"east": {"uv": [10, 0, 13, 10], "texture": "#end"},
				"west": {"uv": [10, 0, 13, 10], "texture": "#end"},
				"up": {"uv": [10, 0, 13, 10], "rotation": 90, "texture": "#end"},
				"down": {"uv": [10, 0, 13, 10], "rotation": 270, "texture": "#end"}
			}
		},
		{
			"name": "Indicator",
			"from": [13, 2, 6],
			"to": [16, 14, 10],
			"faces": {
				"north": {"uv": [0, 0, 3, 12], "texture": "#indicator"},
				"east": {"uv": [0, 0, 4, 12], "texture": "#indicator"},
				"south": {"uv": [1, 0, 4, 12], "texture": "#indicator"}
			}
		},
		{
			"name": "Indicator",
			"from": [0, 2, 6],
			"to": [3, 14, 10],
			"faces": {
				"north": {"uv": [3, 0, 0, 12], "texture": "#indicator"},
				"south": {"uv": [4, 0, 1, 12], "texture": "#indicator"},
				"west": {"uv": [4, 0, 0, 12], "texture": "#indicator"}
			}
		},
		{
			"name": "Indicator",
			"from": [6, 2, 13],
			"to": [10, 14, 16],
			"faces": {
				"east": {"uv": [4, 0, 1, 12], "texture": "#indicator"},
				"south": {"uv": [4, 0, 0, 12], "texture": "#indicator"},
				"west": {"uv": [3, 0, 0, 12], "texture": "#indicator"}
			}
		}
	],
	"display": {
		"gui": {
			"rotation": [30, -135, 0],
			"scale": [0.625, 0.625, 0.625]
		}
	}
}