{
	"credit": "Made with Blockbench",
	"parent": "create:block/large_wheels",
	"texture_size": [32, 32],
	"textures": {
		"6": "create:block/wheel_extras",
		"axis": "create:block/axis",
		"axis_top": "create:block/axis_top",
		"wheel": "create:block/wheel",
		"particle": "block/stripped_spruce_log"
	},
	"elements": [
		{
			"name": "Axis",
			"from": [6, 0, 6],
			"to": [10, 16, 10],
			"faces": {
				"north": {"uv": [6, 0, 10, 16], "texture": "#axis"},
				"east": {"uv": [6, 0, 10, 16], "texture": "#axis"},
				"south": {"uv": [6, 0, 10, 16], "texture": "#axis"},
				"west": {"uv": [6, 0, 10, 16], "texture": "#axis"},
				"up": {"uv": [6, 6, 10, 10], "rotation": 90, "texture": "#axis_top"},
				"down": {"uv": [6, 6, 10, 10], "rotation": 90, "texture": "#axis_top"}
			}
		},
		{
			"name": "Segment1",
			"from": [-8, -1, 2],
			"to": [0, 17, 3],
			"rotation": {"angle": 22.5, "axis": "y", "origin": [8, 8, 8]},
			"faces": {
				"north": {"uv": [7, 0, 16, 4], "rotation": 90, "texture": "#6"},
				"east": {"uv": [7, 3.5, 16, 4], "rotation": 90, "texture": "#6"},
				"south": {"uv": [7, 0, 16, 4], "rotation": 270, "texture": "#6"},
				"west": {"uv": [7, 0, 16, 0.5], "rotation": 90, "texture": "#6"},
				"up": {"uv": [7, 0, 7.5, 4], "rotation": 270, "texture": "#6"},
				"down": {"uv": [7, 0, 7.5, 4], "rotation": 270, "texture": "#6"}
			}
		},
		{
			"name": "Segment2",
			"from": [2, -1, 16],
			"to": [3, 17, 24],
			"faces": {
				"north": {"uv": [7, 3.5, 16, 4], "rotation": 90, "texture": "#6"},
				"east": {"uv": [7, 0, 16, 4], "rotation": 270, "texture": "#6"},
				"south": {"uv": [7, 0, 16, 0.5], "rotation": 90, "texture": "#6"},
				"west": {"uv": [7, 0, 16, 4], "rotation": 90, "texture": "#6"},
				"up": {"uv": [7, 0, 7.5, 4], "rotation": 180, "texture": "#6"},
				"down": {"uv": [7, 0, 7.5, 4], "texture": "#6"}
			}
		},
		{
			"name": "Segment3",
			"from": [-8, -1, 2],
			"to": [0, 17, 3],
			"rotation": {"angle": -45, "axis": "y", "origin": [8, 8, 8]},
			"faces": {
				"north": {"uv": [7, 0, 16, 4], "rotation": 90, "texture": "#6"},
				"east": {"uv": [7, 3.5, 16, 4], "rotation": 90, "texture": "#6"},
				"south": {"uv": [7, 0, 16, 4], "rotation": 270, "texture": "#6"},
				"west": {"uv": [7, 0, 16, 0.5], "rotation": 90, "texture": "#6"},
				"up": {"uv": [7, 0, 7.5, 4], "rotation": 270, "texture": "#6"},
				"down": {"uv": [7, 0, 7.5, 4], "rotation": 270, "texture": "#6"}
			}
		},
		{
			"name": "Segment4",
			"from": [16, -1, 13],
			"to": [24, 17, 14],
			"rotation": {"angle": 45, "axis": "y", "origin": [8, 8, 8]},
			"faces": {
				"north": {"uv": [7, 0, 16, 4], "rotation": 270, "texture": "#6"},
				"east": {"uv": [7, 0, 16, 0.5], "rotation": 90, "texture": "#6"},
				"south": {"uv": [7, 0, 16, 4], "rotation": 90, "texture": "#6"},
				"west": {"uv": [7, 3.5, 16, 4], "rotation": 90, "texture": "#6"},
				"up": {"uv": [7, 0, 7.5, 4], "rotation": 90, "texture": "#6"},
				"down": {"uv": [7, 0, 7.5, 4], "rotation": 90, "texture": "#6"}
			}
		},
		{
			"name": "Segment2",
			"from": [2, -1, 16],
			"to": [3, 17, 24],
			"rotation": {"angle": -45, "axis": "y", "origin": [8, 8, 8]},
			"faces": {
				"north": {"uv": [7, 3.5, 16, 4], "rotation": 90, "texture": "#6"},
				"east": {"uv": [7, 0, 16, 4], "rotation": 270, "texture": "#6"},
				"south": {"uv": [7, 0, 16, 0.5], "rotation": 90, "texture": "#6"},
				"west": {"uv": [7, 0, 16, 4], "rotation": 90, "texture": "#6"},
				"up": {"uv": [7, 0, 7.5, 4], "rotation": 180, "texture": "#6"},
				"down": {"uv": [7, 0, 7.5, 4], "texture": "#6"}
			}
		},
		{
			"name": "Segment3",
			"from": [13, -1, -8],
			"to": [14, 17, 0],
			"faces": {
				"north": {"uv": [7, 0, 16, 0.5], "rotation": 90, "texture": "#6"},
				"east": {"uv": [7, 0, 16, 4], "rotation": 90, "texture": "#6"},
				"south": {"uv": [7, 3.5, 16, 4], "rotation": 90, "texture": "#6"},
				"west": {"uv": [7, 0, 16, 4], "rotation": 270, "texture": "#6"},
				"up": {"uv": [7, 0, 7.5, 4], "texture": "#6"},
				"down": {"uv": [7, 0, 7.5, 4], "rotation": 180, "texture": "#6"}
			}
		},
		{
			"name": "Segment4",
			"from": [16, -1, 13],
			"to": [24, 17, 14],
			"faces": {
				"north": {"uv": [7, 0, 16, 4], "rotation": 270, "texture": "#6"},
				"east": {"uv": [7, 0, 16, 0.5], "rotation": 90, "texture": "#6"},
				"south": {"uv": [7, 0, 16, 4], "rotation": 90, "texture": "#6"},
				"west": {"uv": [7, 3.5, 16, 4], "rotation": 90, "texture": "#6"},
				"up": {"uv": [7, 0, 7.5, 4], "rotation": 90, "texture": "#6"},
				"down": {"uv": [7, 0, 7.5, 4], "rotation": 90, "texture": "#6"}
			}
		},
		{
			"name": "Segment5",
			"from": [16, -1, 13],
			"to": [24, 17, 14],
			"rotation": {"angle": -22.5, "axis": "y", "origin": [8, 8, 8]},
			"faces": {
				"north": {"uv": [7, 0, 16, 4], "rotation": 270, "texture": "#6"},
				"east": {"uv": [7, 0, 16, 0.5], "rotation": 90, "texture": "#6"},
				"south": {"uv": [7, 0, 16, 4], "rotation": 90, "texture": "#6"},
				"west": {"uv": [7, 3.5, 16, 4], "rotation": 90, "texture": "#6"},
				"up": {"uv": [7, 0, 7.5, 4], "rotation": 90, "texture": "#6"},
				"down": {"uv": [7, 0, 7.5, 4], "rotation": 90, "texture": "#6"}
			}
		},
		{
			"name": "Segment3",
			"from": [2, -1, 16],
			"to": [3, 17, 24],
			"rotation": {"angle": 22.5, "axis": "y", "origin": [8, 8, 8]},
			"faces": {
				"north": {"uv": [7, 3.5, 16, 4], "rotation": 90, "texture": "#6"},
				"east": {"uv": [7, 0, 16, 4], "rotation": 270, "texture": "#6"},
				"south": {"uv": [7, 0, 16, 0.5], "rotation": 90, "texture": "#6"},
				"west": {"uv": [7, 0, 16, 4], "rotation": 90, "texture": "#6"},
				"up": {"uv": [7, 0, 7.5, 4], "rotation": 180, "texture": "#6"},
				"down": {"uv": [7, 0, 7.5, 4], "texture": "#6"}
			}
		},
		{
			"name": "Segment4",
			"from": [-8, -1, 2],
			"to": [0, 17, 3],
			"rotation": {"angle": -22.5, "axis": "y", "origin": [8, 8, 8]},
			"faces": {
				"north": {"uv": [7, 0, 16, 4], "rotation": 90, "texture": "#6"},
				"east": {"uv": [7, 3.5, 16, 4], "rotation": 90, "texture": "#6"},
				"south": {"uv": [7, 0, 16, 4], "rotation": 270, "texture": "#6"},
				"west": {"uv": [7, 0, 16, 0.5], "rotation": 90, "texture": "#6"},
				"up": {"uv": [7, 0, 7.5, 4], "rotation": 270, "texture": "#6"},
				"down": {"uv": [7, 0, 7.5, 4], "rotation": 270, "texture": "#6"}
			}
		},
		{
			"name": "Segment5",
			"from": [13, -1, -8],
			"to": [14, 17, 0],
			"rotation": {"angle": -22.5, "axis": "y", "origin": [8, 8, 8]},
			"faces": {
				"north": {"uv": [7, 0, 16, 0.5], "rotation": 90, "texture": "#6"},
				"east": {"uv": [7, 0, 16, 4], "rotation": 90, "texture": "#6"},
				"south": {"uv": [7, 3.5, 16, 4], "rotation": 90, "texture": "#6"},
				"west": {"uv": [7, 0, 16, 4], "rotation": 270, "texture": "#6"},
				"up": {"uv": [7, 0, 7.5, 4], "texture": "#6"},
				"down": {"uv": [7, 0, 7.5, 4], "rotation": 180, "texture": "#6"}
			}
		},
		{
			"name": "Segment3",
			"from": [2, -1, 16],
			"to": [3, 17, 24],
			"rotation": {"angle": -22.5, "axis": "y", "origin": [8, 8, 8]},
			"faces": {
				"north": {"uv": [7, 3.5, 16, 4], "rotation": 90, "texture": "#6"},
				"east": {"uv": [7, 0, 16, 4], "rotation": 270, "texture": "#6"},
				"south": {"uv": [7, 0, 16, 0.5], "rotation": 90, "texture": "#6"},
				"west": {"uv": [7, 0, 16, 4], "rotation": 90, "texture": "#6"},
				"up": {"uv": [7, 0, 7.5, 4], "rotation": 180, "texture": "#6"},
				"down": {"uv": [7, 0, 7.5, 4], "texture": "#6"}
			}
		},
		{
			"name": "Segment4",
			"from": [13, -1, -8],
			"to": [14, 17, 0],
			"rotation": {"angle": 22.5, "axis": "y", "origin": [8, 8, 8]},
			"faces": {
				"north": {"uv": [7, 0, 16, 0.5], "rotation": 90, "texture": "#6"},
				"east": {"uv": [7, 0, 16, 4], "rotation": 90, "texture": "#6"},
				"south": {"uv": [7, 3.5, 16, 4], "rotation": 90, "texture": "#6"},
				"west": {"uv": [7, 0, 16, 4], "rotation": 270, "texture": "#6"},
				"up": {"uv": [7, 0, 7.5, 4], "texture": "#6"},
				"down": {"uv": [7, 0, 7.5, 4], "rotation": 180, "texture": "#6"}
			}
		},
		{
			"name": "Segment5",
			"from": [16, -1, 13],
			"to": [24, 17, 14],
			"rotation": {"angle": 22.5, "axis": "y", "origin": [8, 8, 8]},
			"faces": {
				"north": {"uv": [7, 0, 16, 4], "rotation": 270, "texture": "#6"},
				"east": {"uv": [7, 0, 16, 0.5], "rotation": 90, "texture": "#6"},
				"south": {"uv": [7, 0, 16, 4], "rotation": 90, "texture": "#6"},
				"west": {"uv": [7, 3.5, 16, 4], "rotation": 90, "texture": "#6"},
				"up": {"uv": [7, 0, 7.5, 4], "rotation": 90, "texture": "#6"},
				"down": {"uv": [7, 0, 7.5, 4], "rotation": 90, "texture": "#6"}
			}
		},
		{
			"name": "Segment4",
			"from": [16, -1, 13],
			"to": [24, 17, 14],
			"rotation": {"angle": -45, "axis": "y", "origin": [8, 8, 8]},
			"faces": {
				"north": {"uv": [7, 0, 16, 4], "rotation": 270, "texture": "#6"},
				"east": {"uv": [7, 0, 16, 0.5], "rotation": 90, "texture": "#6"},
				"south": {"uv": [7, 0, 16, 4], "rotation": 90, "texture": "#6"},
				"west": {"uv": [7, 3.5, 16, 4], "rotation": 90, "texture": "#6"},
				"up": {"uv": [7, 0, 7.5, 4], "rotation": 90, "texture": "#6"},
				"down": {"uv": [7, 0, 7.5, 4], "rotation": 90, "texture": "#6"}
			}
		},
		{
			"name": "Segment5",
			"from": [-8, -1, 2],
			"to": [0, 17, 3],
			"faces": {
				"north": {"uv": [7, 0, 16, 4], "rotation": 90, "texture": "#6"},
				"east": {"uv": [7, 3.5, 16, 4], "rotation": 90, "texture": "#6"},
				"south": {"uv": [7, 0, 16, 4], "rotation": 270, "texture": "#6"},
				"west": {"uv": [7, 0, 16, 0.5], "rotation": 90, "texture": "#6"},
				"up": {"uv": [7, 0, 7.5, 4], "rotation": 270, "texture": "#6"},
				"down": {"uv": [7, 0, 7.5, 4], "rotation": 270, "texture": "#6"}
			}
		},
		{
			"name": "LargeRim",
			"from": [-5, -0.7, -5],
			"to": [21, -0.6, 21],
			"faces": {
				"up": {"uv": [0, 0, 13, 13], "texture": "#wheel"},
				"down": {"uv": [0, 0, 13, 13], "texture": "#wheel"}
			}
		},
		{
			"name": "LargeRim3",
			"from": [-5, 16.6, -5],
			"to": [21, 16.7, 21],
			"faces": {
				"up": {"uv": [0, 0, 13, 13], "texture": "#wheel"},
				"down": {"uv": [0, 0, 13, 13], "texture": "#wheel"}
			}
		},
		{
			"name": "InnerSegment",
			"from": [15.9, -0.5, 4],
			"to": [18, 16.5, 12],
			"rotation": {"angle": 0, "axis": "y", "origin": [8, 8.1, 8]},
			"faces": {
				"north": {"uv": [7.5, 5.5, 16, 6.5], "rotation": 90, "texture": "#6"},
				"east": {"uv": [7.5, 4.5, 16, 8.5], "rotation": 90, "texture": "#6"},
				"south": {"uv": [7.5, 5.5, 16, 6.5], "rotation": 90, "texture": "#6"},
				"west": {"uv": [7.5, 4.5, 16, 8.5], "rotation": 90, "texture": "#6"},
				"up": {"uv": [7, 4, 8, 8.5], "texture": "#6"},
				"down": {"uv": [7, 4, 8, 8.5], "texture": "#6"}
			}
		},
		{
			"name": "InnerSegment",
			"from": [-2, -0.5, 4],
			"to": [0.1, 16.5, 12],
			"rotation": {"angle": 0, "axis": "y", "origin": [8, 8.1, 8]},
			"faces": {
				"north": {"uv": [7.5, 5.5, 16, 6.5], "rotation": 90, "texture": "#6"},
				"east": {"uv": [7.5, 4.5, 16, 8.5], "rotation": 90, "texture": "#6"},
				"south": {"uv": [7.5, 5.5, 16, 6.5], "rotation": 90, "texture": "#6"},
				"west": {"uv": [7.5, 4.5, 16, 8.5], "rotation": 90, "texture": "#6"},
				"up": {"uv": [7, 4, 8, 8.5], "rotation": 180, "texture": "#6"},
				"down": {"uv": [7, 4, 8, 8.5], "rotation": 180, "texture": "#6"}
			}
		},
		{
			"name": "InnerSegment",
			"from": [4, -0.5, -2],
			"to": [12, 16.5, 0.1],
			"rotation": {"angle": 0, "axis": "y", "origin": [8, 8.1, 8]},
			"faces": {
				"north": {"uv": [7.5, 4.5, 16, 8.5], "rotation": 90, "texture": "#6"},
				"east": {"uv": [7.5, 5.5, 16, 6.5], "rotation": 90, "texture": "#6"},
				"south": {"uv": [7.5, 4.5, 16, 8.5], "rotation": 90, "texture": "#6"},
				"west": {"uv": [7.5, 5.5, 16, 6.5], "rotation": 90, "texture": "#6"},
				"up": {"uv": [7, 4, 8, 8.5], "rotation": 270, "texture": "#6"},
				"down": {"uv": [7, 4, 8, 8.5], "rotation": 90, "texture": "#6"}
			}
		},
		{
			"name": "InnerSegment",
			"from": [4, -0.5, 15.9],
			"to": [12, 16.5, 18],
			"rotation": {"angle": 0, "axis": "y", "origin": [8, 8.1, 8]},
			"faces": {
				"north": {"uv": [7.5, 4.5, 16, 8.5], "rotation": 90, "texture": "#6"},
				"east": {"uv": [7.5, 5.5, 16, 6.5], "rotation": 90, "texture": "#6"},
				"south": {"uv": [7.5, 4.5, 16, 8.5], "rotation": 90, "texture": "#6"},
				"west": {"uv": [7.5, 5.5, 16, 6.5], "rotation": 90, "texture": "#6"},
				"up": {"uv": [7, 4, 8, 8.5], "rotation": 90, "texture": "#6"},
				"down": {"uv": [7, 4, 8, 8.5], "rotation": 270, "texture": "#6"}
			}
		},
		{
			"name": "InnerSegment",
			"from": [15.9, -0.5, 4],
			"to": [18, 16.5, 12],
			"rotation": {"angle": 45, "axis": "y", "origin": [8, 8.1, 8]},
			"faces": {
				"north": {"uv": [7.5, 5.5, 16, 6.5], "rotation": 90, "texture": "#6"},
				"east": {"uv": [7.5, 4.5, 16, 8.5], "rotation": 90, "texture": "#6"},
				"south": {"uv": [7.5, 5.5, 16, 6.5], "rotation": 90, "texture": "#6"},
				"west": {"uv": [7.5, 4.5, 16, 8.5], "rotation": 90, "texture": "#6"},
				"up": {"uv": [7, 4, 8, 8.5], "texture": "#6"},
				"down": {"uv": [7, 4, 8, 8.5], "texture": "#6"}
			}
		},
		{
			"name": "InnerSegment",
			"from": [4, -0.5, 15.9],
			"to": [12, 16.5, 18],
			"rotation": {"angle": -45, "axis": "y", "origin": [8, 8.1, 8]},
			"faces": {
				"north": {"uv": [7.5, 4.5, 16, 8.5], "rotation": 90, "texture": "#6"},
				"east": {"uv": [7.5, 5.5, 16, 6.5], "rotation": 90, "texture": "#6"},
				"south": {"uv": [7.5, 4.5, 16, 8.5], "rotation": 90, "texture": "#6"},
				"west": {"uv": [7.5, 5.5, 16, 6.5], "rotation": 90, "texture": "#6"},
				"up": {"uv": [7, 4, 8, 8.5], "rotation": 90, "texture": "#6"},
				"down": {"uv": [7, 4, 8, 8.5], "rotation": 270, "texture": "#6"}
			}
		},
		{
			"name": "InnerSegment",
			"from": [-2, -0.5, 4],
			"to": [0.1, 16.5, 12],
			"rotation": {"angle": -45, "axis": "y", "origin": [8, 8.1, 8]},
			"faces": {
				"north": {"uv": [7.5, 5.5, 16, 6.5], "rotation": 90, "texture": "#6"},
				"east": {"uv": [7.5, 4.5, 16, 8.5], "rotation": 90, "texture": "#6"},
				"south": {"uv": [7.5, 5.5, 16, 6.5], "rotation": 90, "texture": "#6"},
				"west": {"uv": [7.5, 4.5, 16, 8.5], "rotation": 90, "texture": "#6"},
				"up": {"uv": [7, 4, 8, 8.5], "rotation": 180, "texture": "#6"},
				"down": {"uv": [7, 4, 8, 8.5], "rotation": 180, "texture": "#6"}
			}
		},
		{
			"name": "InnerSegment",
			"from": [15.9, -0.5, 4],
			"to": [18, 16.5, 12],
			"rotation": {"angle": -45, "axis": "y", "origin": [8, 8.1, 8]},
			"faces": {
				"north": {"uv": [7.5, 5.5, 16, 6.5], "rotation": 90, "texture": "#6"},
				"east": {"uv": [7.5, 4.5, 16, 8.5], "rotation": 90, "texture": "#6"},
				"south": {"uv": [7.5, 5.5, 16, 6.5], "rotation": 90, "texture": "#6"},
				"west": {"uv": [7.5, 4.5, 16, 8.5], "rotation": 90, "texture": "#6"},
				"up": {"uv": [7, 4, 8, 8.5], "texture": "#6"},
				"down": {"uv": [7, 4, 8, 8.5], "texture": "#6"}
			}
		},
		{
			"name": "AxisCoat",
			"from": [5, 1, 5],
			"to": [11, 15, 11],
			"shade": false,
			"faces": {
				"north": {"uv": [13, 0, 16, 7], "texture": "#wheel"},
				"east": {"uv": [13, 0, 16, 7], "texture": "#wheel"},
				"south": {"uv": [13, 0, 16, 7], "texture": "#wheel"},
				"west": {"uv": [13, 0, 16, 7], "texture": "#wheel"},
				"up": {"uv": [13, 7, 16, 10], "rotation": 90, "texture": "#wheel"},
				"down": {"uv": [13, 7, 16, 10], "rotation": 90, "texture": "#wheel"}
			}
		},
		{
			"name": "Connector",
			"from": [6.5, 2, -1],
			"to": [9.5, 14, 17],
			"shade": false,
			"rotation": {"angle": 22.5, "axis": "y", "origin": [8, 8, 8]},
			"faces": {
				"east": {"uv": [7, 8.5, 16, 14.5], "texture": "#6"},
				"west": {"uv": [7, 8.5, 16, 14.5], "texture": "#6"},
				"up": {"uv": [7, 14.5, 16, 16], "rotation": 90, "texture": "#6"},
				"down": {"uv": [7, 14.5, 16, 16], "rotation": 90, "texture": "#6"}
			}
		},
		{
			"name": "Connector",
			"from": [6.5, 2.1, -1],
			"to": [9.5, 13.9, 17],
			"shade": false,
			"rotation": {"angle": -22.5, "axis": "y", "origin": [8, 8, 8]},
			"faces": {
				"east": {"uv": [7, 8.5, 16, 14.5], "texture": "#6"},
				"west": {"uv": [7, 8.5, 16, 14.5], "texture": "#6"},
				"up": {"uv": [7, 14.5, 16, 16], "rotation": 90, "texture": "#6"},
				"down": {"uv": [7, 14.5, 16, 16], "rotation": 90, "texture": "#6"}
			}
		},
		{
			"name": "Connector",
			"from": [-1, 2.1, 6.5],
			"to": [17, 13.9, 9.5],
			"shade": false,
			"rotation": {"angle": -22.5, "axis": "y", "origin": [8, 8, 8]},
			"faces": {
				"north": {"uv": [7, 8.5, 16, 14.5], "texture": "#6"},
				"south": {"uv": [7, 8.5, 16, 14.5], "texture": "#6"},
				"up": {"uv": [7, 14.5, 16, 16], "rotation": 180, "texture": "#6"},
				"down": {"uv": [7, 14.5, 16, 16], "texture": "#6"}
			}
		},
		{
			"name": "Connector",
			"from": [-1, 2, 6.5],
			"to": [17, 14, 9.5],
			"shade": false,
			"rotation": {"angle": 22.5, "axis": "y", "origin": [8, 8, 8]},
			"faces": {
				"north": {"uv": [7, 8.5, 16, 14.5], "texture": "#6"},
				"south": {"uv": [7, 8.5, 16, 14.5], "texture": "#6"},
				"up": {"uv": [7, 14.5, 16, 16], "texture": "#6"},
				"down": {"uv": [7, 14.5, 16, 16], "texture": "#6"}
			}
		}
	]
}