{
    "__comment": "Model generated using MrCrayfish's Model Creator (https://mrcrayfish.com/tools?id=mc)",
	"parent": "block/block",
    "textures": {
        "particle": "#side",
        "bearing_top": "#top",
        "gearbox": "#back",
        "bearing_side": "#side"
    },
    "elements": [
        {
            "name": "Side",
            "from": [ 0, 0, 0 ], 
            "to": [ 2, 12, 16 ], 
            "faces": {
                "north": { "texture": "#bearing_side", "uv": [ 13, 4, 16, 16 ] },
                "east": { "texture": "#bearing_side", "uv": [ 0, 4, 16, 16 ] },
                "south": { "texture": "#bearing_side", "uv": [ 0, 4, 2, 16 ] },
                "west": { "texture": "#bearing_side", "uv": [ 0, 4, 16, 16 ] },
                "up": { "texture": "#gearbox", "uv": [ 0, 0, 2, 16 ] },
                "down": { "texture": "#gearbox", "uv": [ 0, 0, 2, 16 ] }
            }
        },
        {
            "name": "Side",
            "from": [ 14, 0, 0 ], 
            "to": [ 16, 12, 16 ], 
            "faces": {
                "north": { "texture": "#bearing_side", "uv": [ 0, 4, 2, 16 ] },
                "east": { "texture": "#bearing_side", "uv": [ 0, 4, 16, 16 ] },
                "south": { "texture": "#bearing_side", "uv": [ 14, 4, 16, 16 ] },
                "west": { "texture": "#bearing_side", "uv": [ 0, 4, 16, 16 ] },
                "up": { "texture": "#gearbox", "uv": [ 14, 0, 16, 16 ] },
                "down": { "texture": "#gearbox", "uv": [ 14, 0, 16, 16 ] }
            }
        },
        {
            "name": "Side",
            "from": [ 2, 0, 0 ], 
            "to": [ 14, 12, 2 ], 
            "faces": {
                "north": { "texture": "#bearing_side", "uv": [ 2, 4, 14, 16 ] },
                "south": { "texture": "#bearing_side", "uv": [ 2, 4, 14, 16 ] },
                "up": { "texture": "#gearbox", "uv": [ 2, 0, 14, 2 ] },
                "down": { "texture": "#gearbox", "uv": [ 2, 14, 14, 16 ] }
            }
        },
        {
            "name": "Side",
            "from": [ 2, 0, 14 ], 
            "to": [ 14, 12, 16 ], 
            "faces": {
                "north": { "texture": "#bearing_side", "uv": [ 2, 4, 14, 16 ] },
                "south": { "texture": "#bearing_side", "uv": [ 2, 4, 14, 16 ] },
                "up": { "texture": "#gearbox", "uv": [ 2, 14, 14, 16 ] },
                "down": { "texture": "#gearbox", "uv": [ 2, 0, 14, 2 ] }
            }
        },
        {
            "name": "Core",
            "from": [ 2, 1, 2 ], 
            "to": [ 14, 12, 14 ], 
            "faces": {
                "up": { "texture": "#gearbox", "uv": [ 2, 2, 14, 14 ] },
                "down": { "texture": "#gearbox", "uv": [ 2, 2, 14, 14 ] }
            }
        },
        {
            "name": "Top",
            "from": [ 0, 12, 0 ], 
            "to": [ 16, 16, 16 ], 
            "faces": {
                "north": { "texture": "#bearing_side", "uv": [ 0, 0, 16, 4 ] },
                "east": { "texture": "#bearing_side", "uv": [ 0, 0, 16, 4 ] },
                "south": { "texture": "#bearing_side", "uv": [ 0, 0, 16, 4 ] },
                "west": { "texture": "#bearing_side", "uv": [ 0, 0, 16, 4 ] },
                "up": { "texture": "#bearing_top", "uv": [ 0, 0, 16, 16 ] },
                "down": { "texture": "#bearing_top", "uv": [ 0, 0, 16, 16 ] }
            }
        }
    ]
}