{
	"credit": "Made with Blockbench",
	"textures": {
		"bearing_top": "create:block/bearing_top",
		"particle": "create:block/mechanical_bearing_side",
		"bearing_side": "create:block/mechanical_bearing_side",
		"brass_casing": "create:block/brass_casing"
	},
	"elements": [
		{
			"name": "Cube",
			"from": [6, 12, 16],
			"to": [10, 14, 17],
			"faces": {
				"north": {"uv": [3, 0, 7, 2], "texture": "#brass_casing"},
				"east": {"uv": [7, 0, 8, 2], "texture": "#brass_casing"},
				"south": {"uv": [6, 0, 10, 2], "texture": "#brass_casing"},
				"west": {"uv": [8, 0, 9, 2], "texture": "#brass_casing"},
				"up": {"uv": [6, 0, 10, 1], "texture": "#brass_casing"},
				"down": {"uv": [6, 1, 10, 2], "texture": "#brass_casing"}
			}
		},
		{
			"name": "Top",
			"from": [0, 12, 0],
			"to": [16, 16, 16],
			"faces": {
				"north": {"uv": [0, 0, 16, 4], "texture": "#bearing_side"},
				"east": {"uv": [0, 0, 16, 4], "texture": "#bearing_side"},
				"south": {"uv": [0, 0, 16, 4], "texture": "#bearing_side"},
				"west": {"uv": [0, 0, 16, 4], "texture": "#bearing_side"},
				"up": {"uv": [0, 0, 16, 16], "texture": "#bearing_top"},
				"down": {"uv": [0, 0, 16, 16], "texture": "#bearing_top"}
			}
		}
	]
}