{
	"credit": "Made with Blockbench",
	"parent": "block/block",
	"texture_size": [32, 32],
	"textures": {
		"3": "create:block/crafter_thingies",
		"4": "create:block/crafter_side",
		"5": "create:block/brass_casing",
		"6": "create:block/crafter_top",
		"7": "create:block/crafter_topunderside",
		"8": "create:block/smooth_dark_log_top",
		"9": "create:block/cogwheel",
		"particle": "create:block/brass_casing"
	},
	"elements": [
		{
			"name": "Top",
			"from": [0, 10, 0],
			"to": [16, 16, 16],
			"faces": {
				"north": {"uv": [0, 0, 16, 6], "texture": "#4"},
				"east": {"uv": [0, 0, 16, 6], "texture": "#4"},
				"south": {"uv": [0, 0, 16, 6], "texture": "#4"},
				"west": {"uv": [0, 0, 16, 6], "texture": "#4"},
				"up": {"uv": [0, 0, 16, 16], "rotation": 270, "texture": "#6"},
				"down": {"uv": [0, 0, 16, 16], "rotation": 90, "texture": "#7"}
			}
		},
		{
			"name": "Bottom",
			"from": [0, 0, 0],
			"to": [16, 6, 16],
			"faces": {
				"north": {"uv": [0, 10, 16, 16], "texture": "#4"},
				"east": {"uv": [0, 10, 16, 16], "texture": "#4"},
				"south": {"uv": [0, 10, 16, 16], "texture": "#4"},
				"west": {"uv": [0, 10, 16, 16], "texture": "#4"},
				"up": {"uv": [0, 0, 16, 16], "texture": "#8"},
				"down": {"uv": [0, 0, 16, 16], "texture": "#6"}
			}
		},
		{
			"name": "Side1",
			"from": [16, 6, 0],
			"to": [16, 10, 16],
			"rotation": {"angle": 0, "axis": "y", "origin": [24, 8, 8]},
			"faces": {
				"east": {"uv": [0, 6, 16, 10], "texture": "#4"},
				"west": {"uv": [0, 3, 16, 7], "texture": "#4"}
			}
		},
		{
			"name": "Side2",
			"from": [0, 6, 0],
			"to": [0, 10, 16],
			"rotation": {"angle": 0, "axis": "y", "origin": [-8, 8, 8]},
			"faces": {
				"east": {"uv": [0, 3, 16, 7], "texture": "#4"},
				"west": {"uv": [0, 6, 16, 10], "texture": "#4"}
			}
		},
		{
			"name": "Side3",
			"from": [0, 6, 0],
			"to": [16, 10, 0],
			"rotation": {"angle": 0, "axis": "y", "origin": [8, 8, -8]},
			"faces": {
				"north": {"uv": [0, 6, 16, 10], "texture": "#4"},
				"south": {"uv": [0, 3, 16, 7], "texture": "#4"}
			}
		},
		{
			"name": "Side4",
			"from": [0, 6, 16],
			"to": [16, 10, 16],
			"rotation": {"angle": 0, "axis": "y", "origin": [8, 8, 24]},
			"faces": {
				"north": {"uv": [0, 3, 16, 7], "texture": "#4"},
				"south": {"uv": [0, 6, 16, 10], "texture": "#4"}
			}
		},
		{
			"name": "valve_case",
			"from": [4, 16, 4],
			"to": [5, 17, 12],
			"faces": {
				"north": {"uv": [5, 2, 6, 3], "texture": "#5"},
				"east": {"uv": [2, 1, 10, 2], "texture": "#5"},
				"south": {"uv": [3, 2, 4, 3], "texture": "#5"},
				"west": {"uv": [4, 2, 12, 3], "texture": "#5"},
				"up": {"uv": [2, 4, 3, 12], "texture": "#5"}
			}
		},
		{
			"name": "valve_case",
			"from": [11, 16, 4],
			"to": [12, 17, 12],
			"faces": {
				"north": {"uv": [4, 2, 5, 3], "texture": "#5"},
				"east": {"uv": [3, 2, 11, 3], "texture": "#5"},
				"south": {"uv": [5, 2, 6, 3], "texture": "#5"},
				"west": {"uv": [2, 1, 10, 2], "texture": "#5"},
				"up": {"uv": [2, 4, 3, 12], "texture": "#5"}
			}
		},
		{
			"name": "valve_case",
			"from": [5, 16, 4],
			"to": [11, 17, 5],
			"faces": {
				"north": {"uv": [5, 2, 11, 3], "texture": "#5"},
				"east": {"uv": [1, 2, 2, 3], "texture": "#5"},
				"south": {"uv": [2.5, 1, 8.5, 2], "texture": "#5"},
				"west": {"uv": [1, 2, 2, 3], "texture": "#5"},
				"up": {"uv": [4, 2, 10, 3], "texture": "#5"}
			}
		},
		{
			"name": "valve_case",
			"from": [5, 16, 11],
			"to": [11, 17, 12],
			"faces": {
				"north": {"uv": [3, 1, 9, 2], "texture": "#5"},
				"east": {"uv": [1, 2, 2, 3], "texture": "#5"},
				"south": {"uv": [2, 2, 8, 3], "texture": "#5"},
				"west": {"uv": [1, 2, 2, 3], "texture": "#5"},
				"up": {"uv": [5, 2, 11, 3], "texture": "#5"}
			}
		},
		{
			"name": "opening",
			"from": [5, 15.5, 5],
			"to": [11, 16.5, 11],
			"faces": {
				"up": {"uv": [3, 0, 9, 6], "texture": "#3"}
			}
		},
		{
			"name": "valve_lid",
			"from": [5, 16, 5],
			"to": [11, 17, 11],
			"faces": {
				"up": {"uv": [0, 0, 6, 6], "texture": "#3"}
			}
		},
		{
			"name": "Gear",
			"from": [-1, 6.5, 6.5],
			"to": [17, 9.5, 9.5],
			"faces": {
				"north": {"uv": [7, 8, 16, 9.5], "texture": "#9"},
				"east": {"uv": [5, 8, 6.5, 9.5], "texture": "#9"},
				"south": {"uv": [7, 8, 16, 9.5], "texture": "#9"},
				"west": {"uv": [5, 8, 6.5, 9.5], "texture": "#9"},
				"up": {"uv": [7, 6, 16, 7.5], "texture": "#9"},
				"down": {"uv": [7, 6, 16, 7.5], "texture": "#9"}
			}
		},
		{
			"name": "Gear2",
			"from": [-1, 6.5, 6.5],
			"to": [17, 9.5, 9.5],
			"rotation": {"angle": 45, "axis": "y", "origin": [8, 8, 8]},
			"faces": {
				"north": {"uv": [7, 8, 16, 9.5], "texture": "#9"},
				"east": {"uv": [5, 8, 6.5, 9.5], "texture": "#9"},
				"south": {"uv": [7, 8, 16, 9.5], "texture": "#9"},
				"west": {"uv": [5, 8, 6.5, 9.5], "texture": "#9"},
				"up": {"uv": [7, 6, 16, 7.5], "texture": "#9"},
				"down": {"uv": [7, 6, 16, 7.5], "texture": "#9"}
			}
		},
		{
			"name": "Gear3",
			"from": [-1, 6.5, 6.5],
			"to": [17, 9.5, 9.5],
			"rotation": {"angle": -45, "axis": "y", "origin": [8, 8, 8]},
			"faces": {
				"north": {"uv": [7, 8, 16, 9.5], "texture": "#9"},
				"east": {"uv": [5, 8, 6.5, 9.5], "texture": "#9"},
				"south": {"uv": [7, 8, 16, 9.5], "texture": "#9"},
				"west": {"uv": [5, 8, 6.5, 9.5], "texture": "#9"},
				"up": {"uv": [7, 6, 16, 7.5], "texture": "#9"},
				"down": {"uv": [7, 6, 16, 7.5], "texture": "#9"}
			}
		},
		{
			"name": "Gear4",
			"from": [6.5, 6.5, -1],
			"to": [9.5, 9.5, 17],
			"faces": {
				"north": {"uv": [5, 8, 6.5, 9.5], "texture": "#9"},
				"east": {"uv": [7, 8, 16, 9.5], "texture": "#9"},
				"south": {"uv": [5, 8, 6.5, 9.5], "texture": "#9"},
				"west": {"uv": [7, 8, 16, 9.5], "texture": "#9"},
				"up": {"uv": [7, 6, 16, 7.5], "rotation": 90, "texture": "#9"},
				"down": {"uv": [7, 6, 16, 7.5], "rotation": 90, "texture": "#9"}
			}
		},
		{
			"name": "GearCaseInner",
			"from": [2, 6.55, 2],
			"to": [14, 9.45, 14],
			"faces": {
				"north": {"uv": [0, 6, 6, 7.5], "texture": "#9"},
				"east": {"uv": [0, 6, 6, 7.5], "texture": "#9"},
				"south": {"uv": [0, 6, 6, 7.5], "texture": "#9"},
				"west": {"uv": [0, 6, 6, 7.5], "texture": "#9"},
				"up": {"uv": [4, 0, 10, 6], "texture": "#9"},
				"down": {"uv": [4, 0, 10, 6], "texture": "#9"}
			}
		},
		{
			"name": "GearCaseOuter",
			"from": [4, 6, 4],
			"to": [12, 10, 12],
			"faces": {
				"north": {"uv": [0, 4, 4, 6], "texture": "#9"},
				"east": {"uv": [0, 4, 4, 6], "texture": "#9"},
				"south": {"uv": [0, 4, 4, 6], "texture": "#9"},
				"west": {"uv": [0, 4, 4, 6], "texture": "#9"},
				"up": {"uv": [0, 0, 4, 4], "texture": "#9"},
				"down": {"uv": [0, 0, 4, 4], "texture": "#9"}
			}
		}
	],
	"groups": [
		0,
		1,
		2,
		3,
		4,
		5,
		6,
		7,
		8,
		9,
		10,
		{
			"name": "lid",
			"origin": [8, 8, 8],
			"color": 0,
			"children": [11]
		},
		{
			"name": "cogwheel_shaftless",
			"origin": [8, 8, 8],
			"color": 0,
			"children": [12, 13, 14, 15, 16, 17]
		}
	]
}