{
	"credit": "Made with Blockbench",
	"parent": "block/block",
	"textures": {
		"5": "create:block/mechanical_arm",
		"particle": "create:block/crafter_top"
	},
	"elements": [
		{
			"name": "ClawBase",
			"from": [-3, -3, -5],
			"to": [3, 3, -3],
			"rotation": {"angle": 0, "axis": "y", "origin": [0, 0.5, 4]},
			"faces": {
				"north": {"uv": [12, 0, 15, 3], "texture": "#5"},
				"east": {"uv": [12, 0, 13, 3], "texture": "#5"},
				"south": {"uv": [12, 0, 15, 3], "texture": "#5"},
				"west": {"uv": [14, 0, 15, 3], "texture": "#5"},
				"up": {"uv": [12, 0, 13, 3], "rotation": 90, "texture": "#5"},
				"down": {"uv": [12, 0, 15, 1], "texture": "#5"}
			}
		},
		{
			"from": [-1, -1, -3],
			"to": [1, 1, 1],
			"faces": {
				"north": {"uv": [0, 0, 2, 2], "texture": "#missing"},
				"east": {"uv": [12, 0, 16, 2], "texture": "#5"},
				"south": {"uv": [14, 0, 16, 2], "texture": "#5"},
				"west": {"uv": [12, 0, 16, 2], "texture": "#5"},
				"up": {"uv": [5, 10, 7, 14], "texture": "#5"},
				"down": {"uv": [5, 10, 7, 14], "texture": "#5"}
			}
		},
		{
			"from": [-1, -1, 1],
			"to": [1, 0, 2],
			"faces": {
				"north": {"uv": [0, 0, 2, 1], "texture": "#missing"},
				"east": {"uv": [0, 0, 2, 1], "texture": "#missing"},
				"south": {"uv": [0, 0, 2, 1], "texture": "#missing"},
				"west": {"uv": [14, 0, 16, 1], "texture": "#5"},
				"up": {"uv": [14, 0, 16, 2], "texture": "#5"},
				"down": {"uv": [14, 0, 16, 2], "texture": "#5"}
			}
		}
	],
	"display": {
		"thirdperson_righthand": {
			"rotation": [75, -149, 0],
			"translation": [0, 2.5, 0],
			"scale": [0.375, 0.375, 0.375]
		},
		"thirdperson_lefthand": {
			"rotation": [75, -149, 0],
			"translation": [0, 2.5, 0],
			"scale": [0.375, 0.375, 0.375]
		},
		"firstperson_righthand": {
			"rotation": [0, -55, 0],
			"scale": [0.4, 0.4, 0.4]
		},
		"firstperson_lefthand": {
			"rotation": [0, -55, 0],
			"scale": [0.4, 0.4, 0.4]
		},
		"ground": {
			"translation": [0, 1, 1.25],
			"scale": [0.25, 0.25, 0.25]
		},
		"gui": {
			"rotation": [30, 45, 0],
			"translation": [2.5, -0.5, 0],
			"scale": [0.625, 0.625, 0.625]
		},
		"fixed": {
			"rotation": [0, 180, 0],
			"translation": [0, 1.75, -4.5],
			"scale": [0.5, 0.5, 0.5]
		}
	},
	"groups": [
		{
			"name": "inserter",
			"origin": [8, 8, 8],
			"color": 0,
			"children": [0]
		},
		1,
		2
	]
}