{
	"credit": "Made with Blockbench",
	"parent": "block/block",
	"texture_size": [32, 32],
	"textures": {
		"5": "create:block/mechanical_arm"
	},
	"elements": [
		{
			"name": "GearCaseOuter",
			"from": [4, 5.5, 4],
			"to": [12, 10.5, 12],
			"rotation": {"angle": 0, "axis": "y", "origin": [8, 8.5, 8]},
			"faces": {
				"north": {"uv": [7.5, 0, 9.5, 4], "rotation": 90, "texture": "#5"},
				"east": {"uv": [7.5, 0, 9.5, 4], "rotation": 90, "texture": "#5"},
				"south": {"uv": [7.5, 0, 9.5, 4], "rotation": 90, "texture": "#5"},
				"west": {"uv": [7.5, 0, 9.5, 4], "rotation": 90, "texture": "#5"},
				"up": {"uv": [1, 1, 5, 5], "texture": "#5"},
				"down": {"uv": [1, 1, 5, 5], "texture": "#5"}
			}
		},
		{
			"name": "Gear5",
			"from": [6.5, 6, -1],
			"to": [9.5, 10, 17],
			"rotation": {"angle": 0, "axis": "y", "origin": [8, 6, 8]},
			"faces": {
				"north": {"uv": [7.5, 4, 9, 6], "texture": "#5"},
				"east": {"uv": [0, 7.5, 9, 9.5], "texture": "#5"},
				"south": {"uv": [7.5, 4, 9, 6], "texture": "#5"},
				"west": {"uv": [0, 7.5, 9, 9.5], "texture": "#5"},
				"up": {"uv": [0, 6, 9, 7.5], "rotation": 270, "texture": "#5"},
				"down": {"uv": [0, 6, 9, 7.5], "rotation": 270, "texture": "#5"}
			}
		},
		{
			"name": "Gear6",
			"from": [6.5, 6, -1],
			"to": [9.5, 10, 17],
			"rotation": {"angle": 45, "axis": "y", "origin": [8, 6, 8]},
			"faces": {
				"north": {"uv": [7.5, 4, 9, 6], "texture": "#5"},
				"east": {"uv": [0, 7.5, 9, 9.5], "texture": "#5"},
				"south": {"uv": [7.5, 4, 9, 6], "texture": "#5"},
				"west": {"uv": [0, 7.5, 9, 9.5], "texture": "#5"},
				"up": {"uv": [0, 6, 9, 7.5], "rotation": 270, "texture": "#5"},
				"down": {"uv": [0, 6, 9, 7.5], "rotation": 270, "texture": "#5"}
			}
		},
		{
			"name": "Gear7",
			"from": [-1, 6, 6.5],
			"to": [17, 10, 9.5],
			"rotation": {"angle": 45, "axis": "y", "origin": [8, 6, 8]},
			"faces": {
				"north": {"uv": [0, 7.5, 9, 9.5], "texture": "#5"},
				"east": {"uv": [7.5, 4, 9, 6], "texture": "#5"},
				"south": {"uv": [0, 7.5, 9, 9.5], "texture": "#5"},
				"west": {"uv": [7.5, 4, 9, 6], "texture": "#5"},
				"up": {"uv": [0, 6, 9, 7.5], "rotation": 180, "texture": "#5"},
				"down": {"uv": [0, 6, 9, 7.5], "rotation": 180, "texture": "#5"}
			}
		},
		{
			"name": "Gear7",
			"from": [-1, 6, 6.5],
			"to": [17, 10, 9.5],
			"rotation": {"angle": 0, "axis": "y", "origin": [8, 6, 8]},
			"faces": {
				"north": {"uv": [0, 7.5, 9, 9.5], "texture": "#5"},
				"east": {"uv": [7.5, 4, 9, 6], "texture": "#5"},
				"south": {"uv": [0, 7.5, 9, 9.5], "texture": "#5"},
				"west": {"uv": [7.5, 4, 9, 6], "texture": "#5"},
				"up": {"uv": [0, 6, 9, 7.5], "rotation": 180, "texture": "#5"},
				"down": {"uv": [0, 6, 9, 7.5], "rotation": 180, "texture": "#5"}
			}
		},
		{
			"name": "GearCaseInner",
			"from": [2, 6.5, 2],
			"to": [14, 9.5, 14],
			"rotation": {"angle": 0, "axis": "y", "origin": [8, 6.5, 8]},
			"faces": {
				"north": {"uv": [5.5, 0, 7, 6], "rotation": 90, "texture": "#5"},
				"east": {"uv": [5.5, 0, 7, 6], "rotation": 90, "texture": "#5"},
				"south": {"uv": [5.5, 0, 7, 6], "rotation": 90, "texture": "#5"},
				"west": {"uv": [5.5, 0, 7, 6], "rotation": 90, "texture": "#5"},
				"up": {"uv": [0, 0, 6, 6], "rotation": 180, "texture": "#5"},
				"down": {"uv": [0, 0, 6, 6], "rotation": 180, "texture": "#5"}
			}
		}
	],
	"display": {
		"thirdperson_righthand": {
			"rotation": [75, -149, 0],
			"translation": [0, 2.5, 0],
			"scale": [0.375, 0.375, 0.375]
		},
		"thirdperson_lefthand": {
			"rotation": [75, -149, 0],
			"translation": [0, 2.5, 0],
			"scale": [0.375, 0.375, 0.375]
		},
		"firstperson_righthand": {
			"rotation": [0, -55, 0],
			"scale": [0.4, 0.4, 0.4]
		},
		"firstperson_lefthand": {
			"rotation": [0, -55, 0],
			"scale": [0.4, 0.4, 0.4]
		},
		"ground": {
			"translation": [0, 1, 1.25],
			"scale": [0.25, 0.25, 0.25]
		},
		"gui": {
			"rotation": [30, 45, 0],
			"translation": [2.5, -0.5, 0],
			"scale": [0.625, 0.625, 0.625]
		},
		"fixed": {
			"rotation": [0, 180, 0],
			"translation": [0, 1.75, -4.5],
			"scale": [0.5, 0.5, 0.5]
		}
	},
	"groups": [
		{
			"name": "inserter",
			"origin": [8, 8, 8],
			"children": [
				{
					"name": "cogwheel",
					"origin": [8, 8, 8],
					"children": [0, 1, 2, 3, 4, 5]
				}
			]
		}
	]
}